A,Unnamed: 1,Unnamed: 2,B,Unnamed: 4,Unnamed: 5,K,Unnamed: 7,Unnamed: 8,M,Unnamed: 10,Unnamed: 11,C,Unnamed: 13,Unnamed: 14,P,Unnamed: 16,Unnamed: 17,AB,Unnamed: 19,Unnamed: 20,AK,Unnamed: 22,Unnamed: 23,AM,Unnamed: 25,Unnamed: 26,AC,Unnamed: 28,Unnamed: 29,AP,Unnamed: 31,Unnamed: 32,BK,Unnamed: 34,Unnamed: 35,BM,Unnamed: 37,Unnamed: 38,BC,Unnamed: 40,Unnamed: 41,BP,Unnamed: 43,Unnamed: 44,KM,Unnamed: 46,Unnamed: 47,KC,Unnamed: 49,Unnamed: 50,KP,Unnamed: 52,Unnamed: 53,MC,Unnamed: 55,Unnamed: 56,MP,Unnamed: 58,Unnamed: 59,CP,Unnamed: 61,Unnamed: 62,ABK,Unnamed: 64,Unnamed: 65,ABM,Unnamed: 67,Unnamed: 68,ABC,Unnamed: 70,Unnamed: 71,ABP,Unnamed: 73,Unnamed: 74,AKM,Unnamed: 76,Unnamed: 77,AKC,Unnamed: 79,Unnamed: 80,AKP,Unnamed: 82,Unnamed: 83,AMC,Unnamed: 85,Unnamed: 86,AMP,Unnamed: 88,Unnamed: 89,ACP,Unnamed: 91,Unnamed: 92,BKM,Unnamed: 94,Unnamed: 95,BKC,Unnamed: 97,Unnamed: 98,BKP,Unnamed: 100,Unnamed: 101,BMC,Unnamed: 103,Unnamed: 104,BMP,Unnamed: 106,Unnamed: 107,BCP,Unnamed: 109,Unnamed: 110,KMC,Unnamed: 112,Unnamed: 113,KMP,Unnamed: 115,Unnamed: 116,KCP,Unnamed: 118,Unnamed: 119,MCP,Unnamed: 121,Unnamed: 122,ABKMCP,Unnamed: 124,Unnamed: 125,SOL-CORR/COV,Unnamed: 127,Unnamed: 128,SOL-INT,Unnamed: 130,Unnamed: 131,AN-COV/CORR,Unnamed: 133,Unnamed: 134,BLANK,Unnamed: 136,Unnamed: 137,KM + CDCA (1:1 ratio),Unnamed: 139
Voltage (V),Current (A),,Voltage (V),Current (A),,Voltage (V),Current (A),,Voltage (V),Current (A),,Voltage (V),Current (A),,Voltage (V),Current (A),,Voltage (V),Current (A),,Voltage (V),Current (A),,Voltage (V),Current (A),,Voltage (V),Current (A),,Voltage (V),Current (A),,Voltage (V),Current (A),,Voltage (V),Current (A),,Voltage (V),Current (A),,Voltage (V),Current (A),,Voltage (V),Current (A),,Voltage (V),Current (A),,Voltage (V),Current (A),,Voltage (V),Current (A),,Voltage (V),Current (A),,Voltage (V),Current (A),,Voltage (V),Current (A),,Voltage (V),Current (A),,Voltage (V),Current (A),,Voltage (V),Current (A),,Voltage (V),Current (A),,Voltage (V),Current (A),,Voltage (V),Current (A),,Voltage (V),Current (A),,Voltage (V),Current (A),,Voltage (V),Current (A),,Voltage (V),Current (A),,Voltage (V),Current (A),,Voltage (V),Current (A),,Voltage (V),Current (A),,Voltage (V),Current (A),,Voltage (V),Current (A),,Voltage (V),Current (A),,Voltage (V),Current (A),,Voltage (V),Current (A),,Voltage (V),Current (A),,Voltage (V),Current (A),,Voltage (V),Current (A),,Voltage (V),Current (A),,Voltage (V),Current (A),,Voltage (V),Current (A),,Voltage (V),Current (A)
0.4929,-4.05e-05,,0.586,-0.000134,,0.5689,-0.000111,,0.633,-0.000233,,0.2299,-1.41e-05,,0.5359,-3.53e-05,,0.621,-0.000208,,0.509,-6.74e-05,,0.546,-0.000124,,0.516,-0.000108,,0.146,-5.17e-06,,0.629,-0.000146,,0.634,-0.000388,,0.644,-0.00022,,0.5347,-0.000288,,0.654,-0.000234,,0.605,-0.000101,,0.552,-9.23e-05,,0.296,-2.57e-05,,0.5748,-9.63e-05,,0.4607,-0.000326,,0.584,-0.000144,,0.628,-0.000173,,0.651,-0.000317,,0.628,-0.00026,,0.3449,1.43e-06,,0.544,-0.00013,,0.4258,-0.00015,,0.542,-0.000102,,0.572,-7.16e-05,,0.5706,-0.00039,,0.684,-0.000271,,0.5993,-0.00023,,0.596,-0.00019,,0.673,-0.000632,,0.616,-0.000111,,0.6,-0.000372,,0.653,-0.000209,,0.513,-2.24e-05,,0.552,-9.13e-05,,0.585,-9.64e-05,,0.627,-0.000301,,0.573,-0.000195,,0.497,-0.000104,,0.652,-0.000136,,0.127,1.59e-09,,0.5989,-0.000247
0.4879,-1.76e-05,,0.579,-2.6e-05,,0.563,-5.02e-05,,0.6259,-8.83e-05,,0.2269,-6.51e-06,,0.53,-1.48e-05,,0.6139,-6.35e-05,,0.5029,-1.99e-05,,0.54,-4.26e-05,,0.511,-4.49e-05,,0.145,-7.86e-08,,0.622,-3.61e-05,,0.627,-8.66e-05,,0.637,-5.22e-05,,0.5922,-0.000288,,0.647,-9.33e-05,,0.598,-3.76e-05,,0.545,-3.02e-05,,0.293,-1.71e-05,,0.5679,-3.27e-05,,0.487,-7.73e-05,,0.578,-4.76e-05,,0.621,-6.03e-05,,0.644,-6.41e-05,,0.621,-9.15e-05,,0.341,1.64e-05,,0.538,-5.74e-05,,0.433,-3.89e-05,,0.536,-4.55e-05,,0.566,-3.24e-05,,0.565,-0.000112,,0.676,-7.7e-05,,0.611,-9.8e-05,,0.59,-6.64e-05,,0.665,-0.000145,,0.61,-4.43e-05,,0.594,-0.000107,,0.646,-8.28e-05,,0.507,-1.28e-05,,0.546,-3.48e-05,,0.578,-3.77e-05,,0.62,-8.61e-05,,0.567,-6.64e-05,,0.492,-3.16e-05,,0.645,-5.97e-05,,0.125,1.38e-09,,0.5929,-8.4e-05
0.4819,-1.72e-07,,0.573,4.44e-06,,0.5569,-1.72e-05,,0.6189,2.31e-05,,0.225,-9.7e-07,,0.524,-1.96e-06,,0.607,6.11e-07,,0.4969,1.25e-05,,0.5339,1.86e-05,,0.5049,-1.23e-05,,0.143,3.47e-06,,0.6149,1.23e-05,,0.62,-3.24e-05,,0.6289,3.39e-05,,0.589,-9.75e-05,,0.639,3.07e-05,,0.591,4.07e-06,,0.539,-3.94e-06,,0.2889,5.61e-06,,0.5618,1.39e-06,,0.482,-3.19e-05,,0.571,1.28e-05,,0.614,-2.05e-05,,0.6369,1.68e-05,,0.614,-3.14e-05,,0.337,2.13e-05,,0.532,-1.51e-05,,0.428,-1.49e-05,,0.53,-6.2e-06,,0.56,-8.71e-06,,0.559,-5e-05,,0.669,-7.81e-06,,0.604,-2.49e-05,,0.583,-3.82e-06,,0.658,-2.66e-05,,0.6029,4.49e-06,,0.587,-2.68e-05,,0.638,1.96e-05,,0.501,-6.07e-06,,0.54,-9e-06,,0.572,5.41e-06,,0.613,-3.51e-05,,0.56,-2.12e-05,,0.486,-7.7e-06,,0.638,-1.33e-05,,0.124,1.75e-09,,0.5859,4.89e-05
0.4769,1.15e-05,,0.566,2.92e-05,,0.5499,1.12e-05,,0.612,0.000118,,0.2219,5.42e-06,,0.5179,8.55e-06,,0.6,4.5e-05,,0.4919,3.51e-05,,0.5279,6.88e-05,,0.499,1.05e-05,,0.141,6.27e-06,,0.608,4.74e-05,,0.613,-4.11e-06,,0.622,8.3e-05,,0.582,-2.51e-05,,0.632,0.000129,,0.584,3.87e-05,,0.533,1.65e-05,,0.286,1.01e-05,,0.5558,2.96e-05,,0.476,-1.59e-05,,0.565,5e-05,,0.607,6.8e-06,,0.629,7.85e-05,,0.607,7.25e-06,,0.333,3.04e-05,,0.526,1.86e-05,,0.424,-5.01e-06,,0.524,2.78e-05,,0.553,1.35e-05,,0.552,-1.84e-05,,0.661,4.79e-05,,0.597,2.5e-06,,0.576,3.91e-05,,0.65,4.92e-05,,0.596,4.28e-05,,0.58,1.28e-05,,0.631,9.17e-05,,0.496,-1.2e-06,,0.534,1.03e-05,,0.565,4.5e-05,,0.606,-4.68e-06,,0.554,4.76e-06,,0.481,5.52e-06,,0.63,3.21e-05,,0.123,1.42e-09,,0.5789,0.000152
0.4709,2.33e-05,,0.56,4.22e-05,,0.5439,3.02e-05,,0.6049,0.000205,,0.2189,1.21e-05,,0.5129,1.57e-05,,0.5929,8.11e-05,,0.486,6.07e-05,,0.522,0.000113,,0.493,2.77e-05,,0.14,7.21e-06,,0.601,7.67e-05,,0.606,1.49e-05,,0.615,0.000128,,0.5749,6.14e-06,,0.625,0.00022,,0.578,6.38e-05,,0.527,3.27e-05,,0.283,1.94e-05,,0.5488,5.54e-05,,0.471,-8.43e-06,,0.558,8.82e-05,,0.6,2.66e-05,,0.622,0.000111,,0.6,3.59e-05,,0.329,4.09e-05,,0.52,4.49e-05,,0.419,3e-06,,0.518,5.62e-05,,0.547,2.79e-05,,0.546,-1.03e-06,,0.654,8.17e-05,,0.591,1.64e-05,,0.57,6.68e-05,,0.643,8.82e-05,,0.589,7.69e-05,,0.574,3.31e-05,,0.624,0.000158,,0.49,3.9e-06,,0.528,2.51e-05,,0.559,7.25e-05,,0.599,1.7e-05,,0.548,2.47e-05,,0.475,1.66e-05,,0.623,6.32e-05,,0.121,1.51e-09,,0.5729,0.000247
0.4659,3.14e-05,,0.553,6.09e-05,,0.5379,4.72e-05,,0.5979,0.000286,,0.2169,8.82e-06,,0.5069,2.35e-05,,0.586,0.000111,,0.481,7.83e-05,,0.516,0.000152,,0.488,3.94e-05,,0.138,1.03e-05,,0.594,0.000102,,0.599,2.9e-05,,0.608,0.000167,,0.569,1.99e-05,,0.618,0.000302,,0.571,9.2e-05,,0.521,4.63e-05,,0.28,3.72e-05,,0.5428,7.2e-05,,0.465,-7.04e-07,,0.552,0.000113,,0.593,4.3e-05,,0.615,0.000142,,0.593,5.91e-05,,0.325,5.65e-05,,0.514,6.73e-05,,0.414,8.87e-06,,0.512,7.98e-05,,0.541,4.23e-05,,0.54,1.17e-05,,0.646,0.00012,,0.584,2.95e-05,,0.563,9.78e-05,,0.636,0.000123,,0.582,0.000107,,0.567,5.52e-05,,0.617,0.000219,,0.484,8.65e-06,,0.522,3.76e-05,,0.552,0.000102,,0.592,3.39e-05,,0.541,4.49e-05,,0.47,2.34e-05,,0.616,9.08e-05,,0.12,1.44e-09,,0.5659,0.000363
0.4599,4.09e-05,,0.547,7.04e-05,,0.5309,6.69e-05,,0.591,0.000356,,0.2139,1.25e-05,,0.501,2.99e-05,,0.579,0.000136,,0.475,9.82e-05,,0.5099,0.000187,,0.4819,5.16e-05,,0.137,1.16e-05,,0.587,0.000124,,0.592,4.09e-05,,0.601,0.000199,,0.562,3.5e-05,,0.61,0.000391,,0.564,0.000118,,0.515,5.83e-05,,0.276,4.88e-05,,0.5368,8.86e-05,,0.46,3.83e-06,,0.545,0.00014,,0.586,5.76e-05,,0.608,0.000168,,0.586,7.82e-05,,0.322,6.06e-05,,0.508,8.59e-05,,0.409,1.31e-05,,0.506,0.000102,,0.534,5.64e-05,,0.533,2.4e-05,,0.639,0.000144,,0.577,3.89e-05,,0.557,0.000116,,0.628,0.000161,,0.575,0.000134,,0.56,7.09e-05,,0.609,0.000281,,0.478,1.31e-05,,0.516,4.84e-05,,0.546,0.000122,,0.585,4.8e-05,,0.535,5.79e-05,,0.464,3.16e-05,,0.609,0.000115,,0.118,1.29e-09,,0.5599,0.000429
0.4549,4.75e-05,,0.54,8.2e-05,,0.5249,8.04e-05,,0.584,0.000417,,0.2119,1.76e-05,,0.4949,3.51e-05,,0.5719,0.000157,,0.4689,0.000117,,0.504,0.000217,,0.476,6.22e-05,,0.135,1.33e-05,,0.58,0.000143,,0.585,5.09e-05,,0.594,0.000227,,0.555,4.47e-05,,0.603,0.00046,,0.558,0.000139,,0.509,6.88e-05,,0.273,4.81e-05,,0.5298,0.000107,,0.455,7.74e-06,,0.539,0.000158,,0.579,6.99e-05,,0.601,0.000189,,0.579,9.45e-05,,0.318,7.3e-05,,0.502,0.000102,,0.404,1.64e-05,,0.5,0.00012,,0.528,6.49e-05,,0.527,3.13e-05,,0.631,0.000173,,0.57,4.6e-05,,0.55,0.000139,,0.621,0.00018,,0.569,0.000153,,0.554,7.98e-05,,0.602,0.000325,,0.473,1.64e-05,,0.509,6.03e-05,,0.54,0.00014,,0.578,5.98e-05,,0.529,7.03e-05,,0.459,3.71e-05,,0.601,0.00014,,0.117,1.11e-09,,0.5529,0.000508
0.4489,5.52e-05,,0.5339,9.05e-05,,0.5189,9.38e-05,,0.5769,0.00047,,0.2089,1.96e-05,,0.4889,3.96e-05,,0.566,0.00017,,0.4639,0.00013,,0.498,0.000244,,0.47,7.12e-05,,0.133,1.62e-05,,0.573,0.00016,,0.578,5.95e-05,,0.587,0.000252,,0.549,4.96e-05,,0.596,0.000522,,0.551,0.000161,,0.503,7.69e-05,,0.27,4.46e-05,,0.5238,0.00012,,0.449,1.22e-05,,0.532,0.000177,,0.572,8.13e-05,,0.593,0.000214,,0.572,0.000108,,0.314,7.66e-05,,0.495,0.00012,,0.399,1.94e-05,,0.494,0.000136,,0.522,7.58e-05,,0.521,3.78e-05,,0.623,0.000196,,0.563,5.19e-05,,0.543,0.000156,,0.613,0.000208,,0.562,0.000176,,0.547,9.27e-05,,0.595,0.000365,,0.467,2.04e-05,,0.503,6.77e-05,,0.533,0.000158,,0.571,7e-05,,0.522,8.5e-05,,0.453,4.36e-05,,0.594,0.000157,,0.116,1e-09,,0.5459,0.000596
0.4439,6.04e-05,,0.527,0.0001,,0.5119,0.000109,,0.5699,0.000514,,0.2069,2.03e-05,,0.483,4.34e-05,,0.5589,0.000187,,0.458,0.000145,,0.4919,0.000266,,0.465,7.69e-05,,0.132,1.72e-05,,0.566,0.000174,,0.571,6.69e-05,,0.579,0.00028,,0.542,5.71e-05,,0.589,0.00058,,0.544,0.000181,,0.497,8.39e-05,,0.266,3.82e-05,,0.5168,0.000134,,0.444,1.5e-05,,0.526,0.000189,,0.565,9.03e-05,,0.586,0.000225,,0.565,0.00012,,0.31,8.79e-05,,0.489,0.000131,,0.394,2.25e-05,,0.488,0.000152,,0.515,8.48e-05,,0.514,4.55e-05,,0.616,0.000211,,0.556,5.72e-05,,0.537,0.000166,,0.606,0.00022,,0.555,0.000194,,0.54,0.000103,,0.588,0.000399,,0.461,2.44e-05,,0.497,7.42e-05,,0.527,0.000168,,0.564,7.9e-05,,0.516,9.35e-05,,0.448,4.81e-05,,0.587,0.000174,,0.114,1.38e-09,,0.5399,0.000648
0.4379,6.64e-05,,0.5209,0.000109,,0.5059,0.000118,,0.563,0.00055,,0.2039,2.53e-05,,0.4769,4.7e-05,,0.5519,0.0002,,0.452,0.000158,,0.486,0.000285,,0.4589,8.48e-05,,0.13,2.03e-05,,0.559,0.000187,,0.564,7.4e-05,,0.572,0.000296,,0.535,6.22e-05,,0.581,0.000639,,0.537,0.000197,,0.4899,9.11e-05,,0.263,5.31e-05,,0.5108,0.000143,,0.438,1.91e-05,,0.52,0.000201,,0.558,9.86e-05,,0.579,0.000239,,0.558,0.00013,,0.306,9.74e-05,,0.483,0.000142,,0.39,2.42e-05,,0.482,0.000167,,0.509,9.09e-05,,0.508,4.96e-05,,0.608,0.000231,,0.549,6.18e-05,,0.53,0.000179,,0.598,0.000244,,0.548,0.000212,,0.534,0.000108,,0.58,0.000436,,0.456,2.75e-05,,0.491,7.99e-05,,0.52,0.000183,,0.557,8.64e-05,,0.51,0.000102,,0.442,5.44e-05,,0.58,0.000188,,0.113,1.09e-09,,0.5329,0.000738
0.4329,7.01e-05,,0.514,0.000122,,0.4999,0.000126,,0.5559,0.000581,,0.2019,2.6e-05,,0.4709,5e-05,,0.545,0.000212,,0.447,0.000167,,0.48,0.000304,,0.453,9.1e-05,,0.128,2.25e-05,,0.5519,0.000199,,0.557,8.07e-05,,0.565,0.000312,,0.529,6.44e-05,,0.574,0.000682,,0.531,0.000211,,0.484,9.57e-05,,0.26,6.43e-05,,0.5048,0.000153,,0.433,2.12e-05,,0.513,0.000214,,0.551,0.000107,,0.572,0.000251,,0.551,0.000139,,0.302,0.000109,,0.477,0.000151,,0.385,2.7e-05,,0.476,0.00018,,0.503,9.75e-05,,0.502,5.39e-05,,0.601,0.000242,,0.543,6.42e-05,,0.524,0.000186,,0.591,0.000253,,0.541,0.000227,,0.527,0.000117,,0.573,0.000458,,0.45,3.13e-05,,0.485,8.56e-05,,0.514,0.000194,,0.551,9.09e-05,,0.503,0.000111,,0.437,5.82e-05,,0.572,0.000203,,0.111,1.35e-09,,0.5259,0.00082
0.4269,7.53e-05,,0.5079,0.000126,,0.4929,0.000137,,0.5489,0.000609,,0.1989,2.4e-05,,0.465,5.23e-05,,0.538,0.000222,,0.441,0.000182,,0.4739,0.000319,,0.448,9.48e-05,,0.127,2.34e-05,,0.545,0.000209,,0.55,8.67e-05,,0.558,0.000326,,0.522,6.96e-05,,0.567,0.000723,,0.524,0.000227,,0.478,0.0001,,0.257,7.72e-05,,0.4978,0.000164,,0.427,2.47e-05,,0.507,0.00022,,0.544,0.000114,,0.564,0.000267,,0.544,0.000147,,0.299,0.000115,,0.471,0.000161,,0.38,2.94e-05,,0.47,0.00019,,0.496,0.000106,,0.495,5.92e-05,,0.593,0.000259,,0.536,6.83e-05,,0.517,0.000197,,0.583,0.000274,,0.534,0.000241,,0.52,0.000123,,0.566,0.000482,,0.444,3.54e-05,,0.479,9.06e-05,,0.507,0.000211,,0.544,9.77e-05,,0.497,0.000116,,0.431,6.4e-05,,0.565,0.000212,,0.11,9.39e-10,,0.5199,0.000873
0.4219,7.89e-05,,0.501,0.000134,,0.4869,0.000144,,0.542,0.000629,,0.1969,2.74e-05,,0.4589,5.46e-05,,0.5309,0.00023,,0.435,0.000193,,0.468,0.000334,,0.442,9.96e-05,,0.125,2.58e-05,,0.538,0.000218,,0.543,9.2e-05,,0.551,0.000338,,0.515,7.3e-05,,0.56,0.00076,,0.517,0.000241,,0.472,0.000104,,0.253,0.000104,,0.4918,0.000171,,0.422,2.7e-05,,0.5,0.000229,,0.537,0.000119,,0.557,0.000273,,0.537,0.000154,,0.295,0.000121,,0.465,0.000168,,0.375,3.19e-05,,0.464,0.000201,,0.49,0.000112,,0.489,6.15e-05,,0.585,0.000272,,0.529,7.12e-05,,0.51,0.000204,,0.576,0.000279,,0.527,0.000252,,0.514,0.000125,,0.559,0.000501,,0.439,3.85e-05,,0.473,9.45e-05,,0.501,0.000219,,0.537,0.000104,,0.49,0.000124,,0.426,6.71e-05,,0.558,0.000222,,0.109,8.95e-10,,0.5129,0.000922
0.4169,8.18e-05,,0.4949,0.00014,,0.4809,0.000149,,0.5349,0.00065,,0.1939,2.65e-05,,0.453,5.64e-05,,0.524,0.000236,,0.4299,0.000204,,0.461,0.000347,,0.436,0.000104,,0.124,2.54e-05,,0.5309,0.000226,,0.536,9.7e-05,,0.544,0.000349,,0.509,7.42e-05,,0.552,0.0008,,0.511,0.000251,,0.466,0.000108,,0.25,0.000117,,0.4858,0.00018,,0.416,3.04e-05,,0.494,0.000235,,0.53,0.000125,,0.55,0.000279,,0.53,0.00016,,0.291,0.000128,,0.459,0.000175,,0.37,3.41e-05,,0.458,0.000208,,0.484,0.000116,,0.483,6.44e-05,,0.578,0.00028,,0.522,7.39e-05,,0.504,0.000209,,0.568,0.000295,,0.521,0.00026,,0.507,0.000132,,0.551,0.000526,,0.433,4.24e-05,,0.467,9.87e-05,,0.494,0.000231,,0.53,0.000112,,0.484,0.000126,,0.42,7.22e-05,,0.551,0.000239,,0.107,8.08e-10,,0.5059,0.000953
0.4109,8.58e-05,,0.488,0.000147,,0.4739,0.000157,,0.5279,0.000669,,0.1909,3e-05,,0.447,5.76e-05,,0.517,0.000242,,0.424,0.000214,,0.455,0.000356,,0.43,0.000108,,0.122,2.75e-05,,0.524,0.000233,,0.529,0.000102,,0.537,0.000359,,0.502,7.76e-05,,0.545,0.000828,,0.504,0.000263,,0.46,0.000111,,0.247,0.000129,,0.4788,0.000188,,0.411,3.22e-05,,0.487,0.000242,,0.523,0.00013,,0.543,0.000286,,0.523,0.000165,,0.287,0.000134,,0.453,0.000181,,0.365,3.6e-05,,0.452,0.000216,,0.477,0.000123,,0.476,6.87e-05,,0.57,0.000294,,0.515,7.66e-05,,0.497,0.000215,,0.561,0.000301,,0.514,0.00027,,0.5,0.000136,,0.544,0.000546,,0.427,4.63e-05,,0.46,0.000104,,0.488,0.000237,,0.523,0.000117,,0.478,0.00013,,0.415,7.48e-05,,0.544,0.000254,,0.106,3.71e-10,,0.4999,0.000991
0.4059,8.84e-05,,0.4819,0.000149,,0.4679,0.000163,,0.5209,0.000686,,0.1889,3.41e-05,,0.441,5.87e-05,,0.5099,0.000247,,0.418,0.000223,,0.449,0.000366,,0.4249,0.000111,,0.12,3.03e-05,,0.517,0.000238,,0.522,0.000106,,0.529,0.00037,,0.495,7.97e-05,,0.538,0.000852,,0.497,0.000273,,0.454,0.000113,,0.243,0.000146,,0.4728,0.000194,,0.405,3.51e-05,,0.481,0.000245,,0.516,0.000135,,0.536,0.000292,,0.517,0.000166,,0.283,0.000138,,0.447,0.000187,,0.36,3.78e-05,,0.446,0.000226,,0.471,0.000127,,0.47,7.02e-05,,0.563,0.000299,,0.508,7.88e-05,,0.49,0.00022,,0.553,0.000314,,0.507,0.000278,,0.494,0.000137,,0.537,0.000559,,0.422,4.95e-05,,0.454,0.000106,,0.481,0.000247,,0.516,0.000121,,0.471,0.000137,,0.409,7.93e-05,,0.536,0.000266,,0.104,9.82e-10,,0.4929,0.00105
0.3999,9.23e-05,,0.475,0.000152,,0.462,0.000168,,0.5139,0.000701,,0.1859,3.93e-05,,0.4349,6.01e-05,,0.504,0.00025,,0.413,0.000228,,0.443,0.000375,,0.419,0.000115,,0.119,3.16e-05,,0.51,0.000243,,0.515,0.00011,,0.522,0.000375,,0.489,8.07e-05,,0.531,0.000873,,0.491,0.000279,,0.448,0.000115,,0.24,0.000145,,0.4658,0.000201,,0.4,3.67e-05,,0.474,0.00025,,0.509,0.00014,,0.528,0.000299,,0.51,0.000172,,0.28,0.000142,,0.441,0.000193,,0.356,3.86e-05,,0.44,0.000235,,0.465,0.00013,,0.464,7.23e-05,,0.555,0.000309,,0.501,8.09e-05,,0.484,0.000222,,0.546,0.000317,,0.5,0.000284,,0.487,0.000142,,0.53,0.000568,,0.416,5.37e-05,,0.448,0.000109,,0.475,0.000249,,0.509,0.000124,,0.465,0.000139,,0.404,8.2e-05,,0.529,0.000274,,0.103,8.73e-10,,0.4859,0.00108
0.3949,9.43e-05,,0.4689,0.000153,,0.4559,0.000172,,0.5069,0.000712,,0.1839,3.82e-05,,0.429,6.13e-05,,0.4969,0.000256,,0.4069,0.000237,,0.437,0.000383,,0.413,0.000118,,0.117,3.42e-05,,0.5029,0.000248,,0.508,0.000114,,0.515,0.00038,,0.482,8.52e-05,,0.523,0.000898,,0.484,0.000288,,0.441,0.000118,,0.237,0.000144,,0.4598,0.000209,,0.394,3.92e-05,,0.468,0.000253,,0.502,0.000145,,0.521,0.000304,,0.503,0.000176,,0.276,0.000146,,0.435,0.000199,,0.351,4.09e-05,,0.434,0.000242,,0.458,0.000135,,0.457,7.57e-05,,0.548,0.000314,,0.495,8.18e-05,,0.477,0.000226,,0.539,0.000322,,0.493,0.00029,,0.48,0.000147,,0.523,0.000573,,0.41,5.77e-05,,0.442,0.000112,,0.468,0.000255,,0.502,0.000128,,0.459,0.000142,,0.398,8.63e-05,,0.522,0.000281,,0.101,1.68e-09,,0.4799,0.00111
0.3889,9.73e-05,,0.462,0.000162,,0.449,0.000181,,0.4999,0.000723,,0.1809,4.31e-05,,0.423,6.27e-05,,0.4899,0.000259,,0.4019,0.000241,,0.431,0.00039,,0.4069,0.000121,,0.115,3.56e-05,,0.496,0.000253,,0.501,0.000119,,0.508,0.000386,,0.475,8.76e-05,,0.516,0.000913,,0.477,0.000297,,0.435,0.00012,,0.234,0.000148,,0.4539,0.000216,,0.389,4.04e-05,,0.461,0.000257,,0.496,0.000147,,0.514,0.000306,,0.496,0.000179,,0.272,0.000152,,0.429,0.000203,,0.346,4.27e-05,,0.428,0.000247,,0.452,0.000138,,0.451,7.68e-05,,0.54,0.000322,,0.488,8.42e-05,,0.471,0.000228,,0.531,0.000332,,0.486,0.000296,,0.474,0.000149,,0.515,0.000584,,0.405,6.09e-05,,0.436,0.000115,,0.462,0.000259,,0.495,0.000131,,0.452,0.000146,,0.392,9.07e-05,,0.515,0.000285,,0.1,1.24e-09,,0.4729,0.00113
0.3839,9.98e-05,,0.4559,0.000166,,0.4429,0.000184,,0.4929,0.000729,,0.1789,4.47e-05,,0.4169,6.32e-05,,0.483,0.000265,,0.396,0.000248,,0.425,0.000398,,0.4019,0.000123,,0.114,3.62e-05,,0.4899,0.000254,,0.494,0.000124,,0.501,0.000391,,0.469,8.77e-05,,0.509,0.000924,,0.47,0.000304,,0.429,0.000121,,0.23,0.000152,,0.4469,0.000224,,0.383,4.25e-05,,0.455,0.000259,,0.489,0.000151,,0.507,0.00031,,0.489,0.000182,,0.268,0.000161,,0.423,0.000208,,0.341,4.44e-05,,0.422,0.000253,,0.445,0.000143,,0.445,7.82e-05,,0.532,0.000328,,0.481,8.56e-05,,0.464,0.000232,,0.524,0.000335,,0.48,0.000301,,0.467,0.000154,,0.508,0.000589,,0.399,6.54e-05,,0.43,0.000118,,0.455,0.000264,,0.488,0.000133,,0.446,0.000147,,0.387,9.35e-05,,0.507,0.000291,,0.099,1.53e-09,,0.4659,0.00116
0.3779,0.000103,,0.449,0.000167,,0.4369,0.000189,,0.4859,0.00074,,0.1759,4.61e-05,,0.411,6.39e-05,,0.4759,0.000268,,0.39,0.000252,,0.419,0.000405,,0.396,0.000125,,0.112,3.79e-05,,0.483,0.000257,,0.487,0.000127,,0.494,0.000395,,0.462,8.96e-05,,0.502,0.000932,,0.464,0.00031,,0.423,0.000123,,0.227,0.000153,,0.4409,0.000228,,0.378,4.36e-05,,0.448,0.000262,,0.482,0.000155,,0.499,0.000316,,0.482,0.000185,,0.264,0.000168,,0.417,0.000212,,0.336,4.59e-05,,0.416,0.000259,,0.439,0.000146,,0.438,8.11e-05,,0.525,0.000331,,0.474,8.68e-05,,0.457,0.000234,,0.516,0.000344,,0.473,0.000312,,0.46,0.000156,,0.501,0.000594,,0.393,6.99e-05,,0.424,0.00012,,0.449,0.000266,,0.481,0.000135,,0.44,0.000149,,0.381,9.83e-05,,0.5,0.000294,,0.097,1.81e-09,,0.4599,0.0012
0.3729,0.000104,,0.4429,0.000167,,0.4299,0.000194,,0.4789,0.000746,,0.1739,4.48e-05,,0.405,6.45e-05,,0.4689,0.00027,,0.385,0.000255,,0.413,0.000412,,0.39,0.000128,,0.111,3.83e-05,,0.476,0.000261,,0.479,0.000133,,0.487,0.000399,,0.455,9.08e-05,,0.494,0.000946,,0.457,0.000318,,0.417,0.000124,,0.224,0.000151,,0.4348,0.000233,,0.373,4.5e-05,,0.442,0.000263,,0.475,0.000158,,0.492,0.000315,,0.475,0.000187,,0.26,0.000179,,0.411,0.000215,,0.331,4.75e-05,,0.41,0.000265,,0.433,0.000149,,0.432,8.19e-05,,0.517,0.000338,,0.467,8.81e-05,,0.451,0.000236,,0.509,0.000345,,0.466,0.000317,,0.454,0.000155,,0.494,0.000601,,0.388,7.33e-05,,0.418,0.000124,,0.442,0.000271,,0.474,0.000137,,0.433,0.000153,,0.376,0.000101,,0.493,0.000296,,0.096,1.57e-09,,0.4529,0.00122
0.3669,0.000107,,0.436,0.000173,,0.4239,0.000198,,0.472,0.000757,,0.1709,4.67e-05,,0.3989,6.5e-05,,0.462,0.000272,,0.379,0.00026,,0.4069,0.000417,,0.385,0.000129,,0.109,4.11e-05,,0.4689,0.000264,,0.472,0.000135,,0.48,0.000401,,0.449,9.05e-05,,0.487,0.000954,,0.45,0.000324,,0.411,0.000126,,0.22,0.000169,,0.4278,0.000241,,0.367,4.73e-05,,0.435,0.000266,,0.468,0.000161,,0.485,0.000317,,0.468,0.000188,,0.257,0.000185,,0.405,0.00022,,0.326,4.88e-05,,0.404,0.00027,,0.426,0.000152,,0.426,8.32e-05,,0.51,0.00034,,0.46,8.96e-05,,0.444,0.000238,,0.501,0.000351,,0.459,0.000319,,0.447,0.000158,,0.486,0.000605,,0.382,7.79e-05,,0.411,0.000129,,0.436,0.000272,,0.467,0.000139,,0.427,0.000154,,0.37,0.000104,,0.486,0.000299,,0.094,1.81e-09,,0.4459,0.00124
0.3619,0.000108,,0.4299,0.000179,,0.418,0.0002,,0.4649,0.000767,,0.1689,4.03e-05,,0.3939,6.49e-05,,0.455,0.000273,,0.3729,0.000265,,0.401,0.000423,,0.379,0.000131,,0.107,4.37e-05,,0.462,0.000267,,0.465,0.000138,,0.472,0.000405,,0.442,9.21e-05,,0.48,0.000961,,0.444,0.000328,,0.405,0.000127,,0.217,0.000171,,0.4218,0.000245,,0.362,4.82e-05,,0.429,0.000267,,0.461,0.000164,,0.478,0.000319,,0.461,0.00019,,0.253,0.000195,,0.399,0.000223,,0.321,5e-05,,0.398,0.000276,,0.42,0.000155,,0.419,8.57e-05,,0.502,0.000346,,0.453,9.12e-05,,0.438,0.000239,,0.494,0.000352,,0.452,0.000323,,0.44,0.00016,,0.479,0.000608,,0.376,8.24e-05,,0.405,0.00013,,0.429,0.000276,,0.46,0.000142,,0.421,0.000156,,0.365,0.000106,,0.478,0.000303,,0.093,1.44e-09,,0.4399,0.00126
0.3559,0.000111,,0.423,0.000183,,0.4109,0.000205,,0.4579,0.000775,,0.1659,4.44e-05,,0.388,6.6e-05,,0.449,0.000273,,0.3679,0.000268,,0.395,0.000428,,0.3729,0.000135,,0.106,4.43e-05,,0.455,0.000269,,0.458,0.00014,,0.465,0.000406,,0.435,9.29e-05,,0.473,0.000969,,0.437,0.000333,,0.399,0.000128,,0.214,0.000184,,0.4148,0.000251,,0.356,5.02e-05,,0.422,0.00027,,0.454,0.000166,,0.471,0.000321,,0.454,0.000192,,0.249,0.000206,,0.393,0.000227,,0.317,5.05e-05,,0.392,0.000282,,0.414,0.000158,,0.413,8.64e-05,,0.494,0.00035,,0.447,9.13e-05,,0.431,0.000241,,0.486,0.000357,,0.445,0.000324,,0.434,0.000159,,0.472,0.000613,,0.37,8.68e-05,,0.399,0.000132,,0.423,0.000273,,0.453,0.000144,,0.414,0.000159,,0.359,0.000109,,0.471,0.000305,,0.092,1.66e-09,,0.4329,0.00128
0.3509,0.000113,,0.4169,0.000188,,0.405,0.000208,,0.4509,0.000782,,0.1629,5.12e-05,,0.382,6.69e-05,,0.442,0.000276,,0.362,0.000272,,0.3889,0.000431,,0.367,0.000138,,0.104,4.65e-05,,0.448,0.00027,,0.451,0.000143,,0.458,0.000409,,0.429,9.24e-05,,0.465,0.000978,,0.43,0.000338,,0.393,0.000129,,0.211,0.000176,,0.4088,0.000254,,0.351,5.1e-05,,0.416,0.00027,,0.447,0.000169,,0.463,0.000323,,0.447,0.000194,,0.245,0.000207,,0.387,0.00023,,0.312,5.22e-05,,0.386,0.000288,,0.407,0.000162,,0.407,8.78e-05,,0.487,0.000352,,0.44,9.27e-05,,0.424,0.000243,,0.479,0.000357,,0.439,0.000325,,0.427,0.000161,,0.465,0.000615,,0.365,9.04e-05,,0.393,0.000132,,0.416,0.000273,,0.446,0.000145,,0.408,0.000159,,0.354,0.00011,,0.464,0.000308,,0.09,1.18e-09,,0.4269,0.0013
0.3449,0.000115,,0.41,0.000188,,0.3989,0.000211,,0.444,0.000785,,0.1609,5.27e-05,,0.3759,6.74e-05,,0.4349,0.000277,,0.356,0.000275,,0.383,0.000435,,0.362,0.000139,,0.102,4.81e-05,,0.441,0.000273,,0.444,0.000145,,0.451,0.000412,,0.422,9.4e-05,,0.458,0.000981,,0.423,0.000343,,0.386,0.00013,,0.207,0.000199,,0.4029,0.00026,,0.345,5.28e-05,,0.409,0.000272,,0.44,0.000171,,0.456,0.000323,,0.44,0.000195,,0.241,0.000215,,0.381,0.000233,,0.307,5.35e-05,,0.38,0.000294,,0.401,0.000163,,0.4,9.01e-05,,0.479,0.000356,,0.433,9.38e-05,,0.418,0.000243,,0.471,0.000362,,0.432,0.000327,,0.42,0.000162,,0.457,0.000617,,0.359,9.49e-05,,0.387,0.000133,,0.41,0.000276,,0.439,0.000147,,0.401,0.000162,,0.348,0.000113,,0.457,0.00031,,0.089,1.48e-09,,0.4199,0.00131
0.3399,0.000117,,0.4039,0.00019,,0.392,0.000215,,0.436,0.000793,,0.1579,5.45e-05,,0.37,6.75e-05,,0.4279,0.000279,,0.351,0.000276,,0.377,0.000438,,0.356,0.000142,,0.101,4.85e-05,,0.434,0.000274,,0.437,0.000147,,0.444,0.000416,,0.415,9.48e-05,,0.451,0.000984,,0.417,0.000347,,0.38,0.000131,,0.204,0.000198,,0.3958,0.000265,,0.34,5.35e-05,,0.403,0.000273,,0.433,0.000174,,0.449,0.000323,,0.433,0.000197,,0.238,0.000223,,0.375,0.000236,,0.302,5.46e-05,,0.374,0.000297,,0.395,0.000165,,0.394,9.07e-05,,0.472,0.000357,,0.426,9.48e-05,,0.411,0.000245,,0.464,0.000362,,0.425,0.000328,,0.414,0.000162,,0.45,0.00062,,0.353,9.93e-05,,0.381,0.000135,,0.403,0.000281,,0.432,0.000149,,0.395,0.000162,,0.343,0.000114,,0.45,0.000312,,0.087,1.64e-09,,0.4129,0.00134
0.3339,0.000119,,0.397,0.000194,,0.3859,0.00022,,0.429,0.000798,,0.1559,5.21e-05,,0.364,6.85e-05,,0.421,0.00028,,0.3449,0.000281,,0.3709,0.000441,,0.3499,0.000143,,0.099,5.1e-05,,0.427,0.000275,,0.43,0.000149,,0.437,0.000417,,0.409,9.45e-05,,0.444,0.000992,,0.41,0.000351,,0.374,0.000131,,0.201,0.000197,,0.3899,0.000269,,0.334,5.53e-05,,0.396,0.000275,,0.426,0.000176,,0.442,0.000323,,0.426,0.000198,,0.234,0.000234,,0.369,0.00024,,0.297,5.54e-05,,0.368,0.000301,,0.388,0.000169,,0.388,9.14e-05,,0.464,0.00036,,0.419,9.6e-05,,0.404,0.000246,,0.456,0.000365,,0.418,0.000329,,0.407,0.000164,,0.443,0.000625,,0.348,0.000102,,0.375,0.000136,,0.397,0.000282,,0.425,0.00015,,0.389,0.000163,,0.337,0.000116,,0.442,0.000316,,0.086,1.53e-09,,0.4069,0.00133
0.3289,0.000121,,0.3909,0.000195,,0.3799,0.000225,,0.4219,0.000808,,0.1529,5.7e-05,,0.3579,6.84e-05,,0.414,0.000281,,0.3389,0.000284,,0.365,0.000444,,0.344,0.000144,,0.098,5.15e-05,,0.42,0.000276,,0.423,0.000151,,0.43,0.000418,,0.402,9.58e-05,,0.436,0.001,,0.403,0.000354,,0.368,0.000132,,0.198,0.000195,,0.3838,0.000273,,0.329,5.57e-05,,0.39,0.000274,,0.419,0.000179,,0.434,0.000325,,0.419,0.000199,,0.23,0.000236,,0.363,0.000243,,0.292,5.7e-05,,0.362,0.000306,,0.382,0.000171,,0.381,9.33e-05,,0.456,0.000363,,0.412,9.68e-05,,0.398,0.000246,,0.449,0.000364,,0.411,0.000332,,0.4,0.000165,,0.436,0.000629,,0.342,0.000107,,0.369,0.000137,,0.39,0.000287,,0.418,0.000152,,0.382,0.000166,,0.332,0.000117,,0.435,0.000317,,0.085,1.48e-09,,0.3999,0.00136
0.3239,0.000121,,0.3839,0.000199,,0.3729,0.000228,,0.4149,0.000811,,0.1509,5.69e-05,,0.352,6.87e-05,,0.4069,0.000283,,0.3339,0.000286,,0.3579,0.000448,,0.3389,0.000144,,0.096,5.27e-05,,0.413,0.000278,,0.416,0.000154,,0.422,0.00042,,0.395,9.66e-05,,0.429,0.001,,0.397,0.000356,,0.362,0.000133,,0.194,0.000201,,0.3769,0.00028,,0.323,5.77e-05,,0.383,0.000275,,0.412,0.000181,,0.427,0.000326,,0.412,0.0002,,0.226,0.000248,,0.357,0.000247,,0.287,5.82e-05,,0.356,0.000311,,0.376,0.000174,,0.375,9.35e-05,,0.449,0.000363,,0.405,9.77e-05,,0.391,0.000248,,0.442,0.000366,,0.404,0.000333,,0.394,0.000164,,0.428,0.000632,,0.336,0.000111,,0.362,0.000139,,0.384,0.000289,,0.411,0.000153,,0.376,0.000166,,0.326,0.00012,,0.428,0.000319,,0.083,1.05e-09,,0.3929,0.00138
0.3179,0.000124,,0.3779,0.000198,,0.3669,0.000229,,0.408,0.00082,,0.1479,6.09e-05,,0.346,6.91e-05,,0.4,0.000286,,0.328,0.00029,,0.352,0.000451,,0.333,0.000146,,0.094,5.48e-05,,0.406,0.000279,,0.409,0.000155,,0.415,0.000422,,0.388,9.74e-05,,0.422,0.001,,0.39,0.00036,,0.356,0.000134,,0.191,0.000211,,0.3708,0.000283,,0.318,5.83e-05,,0.377,0.000276,,0.405,0.000183,,0.42,0.000325,,0.405,0.000201,,0.222,0.000254,,0.351,0.000249,,0.283,5.92e-05,,0.35,0.000315,,0.369,0.000176,,0.369,9.42e-05,,0.441,0.000366,,0.399,9.82e-05,,0.385,0.000248,,0.434,0.000368,,0.398,0.000332,,0.387,0.000165,,0.421,0.000634,,0.331,0.000114,,0.356,0.00014,,0.377,0.000293,,0.404,0.000155,,0.37,0.000167,,0.321,0.000121,,0.421,0.000321,,0.082,1.33e-09,,0.3869,0.00138
0.3129,0.000125,,0.3709,0.0002,,0.361,0.000228,,0.4009,0.000842,,0.1459,5.85e-05,,0.3399,6.95e-05,,0.393,0.000289,,0.323,0.000292,,0.346,0.000453,,0.3269,0.000148,,0.093,5.55e-05,,0.399,0.00028,,0.402,0.000157,,0.408,0.000428,,0.382,9.71e-05,,0.414,0.00101,,0.383,0.000365,,0.35,0.000135,,0.188,0.000213,,0.3639,0.000289,,0.312,5.99e-05,,0.37,0.000278,,0.398,0.000184,,0.413,0.000326,,0.398,0.000202,,0.218,0.000262,,0.345,0.000252,,0.278,6.02e-05,,0.344,0.00032,,0.363,0.000177,,0.362,9.62e-05,,0.434,0.000367,,0.392,9.81e-05,,0.378,0.00025,,0.427,0.000368,,0.391,0.000335,,0.381,0.000165,,0.414,0.000634,,0.325,0.000119,,0.35,0.000141,,0.371,0.000297,,0.398,0.000155,,0.363,0.00017,,0.315,0.000123,,0.413,0.000323,,0.08,8.08e-10,,0.3799,0.00138
0.3069,0.000127,,0.3649,0.000202,,0.3549,0.000231,,0.3939,0.000854,,0.1429,6.46e-05,,0.3339,6.96e-05,,0.387,0.00029,,0.317,0.000295,,0.3399,0.000456,,0.3219,0.000148,,0.091,5.79e-05,,0.392,0.000282,,0.395,0.000159,,0.401,0.000433,,0.375,9.83e-05,,0.407,0.00101,,0.377,0.000365,,0.344,0.000135,,0.184,0.000217,,0.3578,0.000292,,0.307,6.04e-05,,0.364,0.000278,,0.391,0.000187,,0.406,0.000327,,0.391,0.000202,,0.215,0.000268,,0.339,0.000254,,0.273,6.11e-05,,0.338,0.000326,,0.357,0.000179,,0.356,9.65e-05,,0.426,0.000368,,0.385,9.94e-05,,0.371,0.000251,,0.419,0.000371,,0.384,0.000335,,0.374,0.000165,,0.407,0.000635,,0.319,0.000124,,0.344,0.000142,,0.364,0.000298,,0.391,0.000157,,0.357,0.000169,,0.31,0.000124,,0.406,0.000324,,0.079,1.44e-09,,0.3729,0.0014
0.3019,0.000129,,0.3579,0.000205,,0.3479,0.000234,,0.387,0.00086,,0.141,6.68e-05,,0.328,6.95e-05,,0.38,0.000291,,0.3109,0.000298,,0.3339,0.000459,,0.3159,0.00015,,0.089,6.01e-05,,0.385,0.000283,,0.388,0.00016,,0.394,0.000434,,0.368,9.89e-05,,0.4,0.00102,,0.37,0.000369,,0.337,0.000136,,0.181,0.000222,,0.3518,0.000295,,0.301,6.21e-05,,0.357,0.00028,,0.384,0.000189,,0.398,0.000327,,0.384,0.000203,,0.211,0.000278,,0.333,0.000257,,0.268,6.19e-05,,0.331,0.000331,,0.35,0.000182,,0.35,9.72e-05,,0.419,0.00037,,0.378,0.0001,,0.365,0.00025,,0.412,0.000371,,0.377,0.000336,,0.367,0.000166,,0.399,0.000641,,0.314,0.000126,,0.338,0.000143,,0.358,0.000299,,0.384,0.000158,,0.351,0.00017,,0.304,0.000126,,0.399,0.000326,,0.078,1.16e-09,,0.3669,0.00142
0.2959,0.00013,,0.3519,0.000207,,0.3419,0.000238,,0.3799,0.000866,,0.1379,6.99e-05,,0.3219,7.02e-05,,0.3729,0.000292,,0.3059,0.000299,,0.328,0.000462,,0.31,0.000151,,0.088,6.04e-05,,0.378,0.000283,,0.381,0.000162,,0.387,0.000435,,0.362,9.82e-05,,0.393,0.00102,,0.363,0.000372,,0.331,0.000136,,0.178,0.000228,,0.3448,0.000299,,0.296,6.27e-05,,0.351,0.000279,,0.377,0.00019,,0.391,0.000327,,0.377,0.000205,,0.207,0.000285,,0.327,0.000259,,0.263,6.29e-05,,0.325,0.000333,,0.344,0.000183,,0.343,9.87e-05,,0.411,0.000375,,0.371,0.000101,,0.358,0.000251,,0.404,0.000374,,0.37,0.000337,,0.361,0.000165,,0.392,0.000645,,0.308,0.00013,,0.332,0.000144,,0.351,0.000302,,0.377,0.000159,,0.344,0.000173,,0.299,0.000126,,0.392,0.000328,,0.076,1.16e-09,,0.3599,0.00141
0.2909,0.00013,,0.3449,0.000208,,0.3359,0.000241,,0.3729,0.000868,,0.1349,7.06e-05,,0.3159,7.03e-05,,0.366,0.000292,,0.2999,0.000301,,0.3219,0.000466,,0.304,0.000153,,0.086,6.23e-05,,0.3709,0.000286,,0.374,0.000163,,0.38,0.000437,,0.355,9.94e-05,,0.385,0.00103,,0.356,0.000375,,0.325,0.000137,,0.175,0.000238,,0.3388,0.000302,,0.291,6.35e-05,,0.345,0.00028,,0.37,0.000192,,0.384,0.000334,,0.37,0.000206,,0.203,0.000285,,0.321,0.000261,,0.258,6.38e-05,,0.319,0.000339,,0.338,0.000186,,0.337,9.89e-05,,0.403,0.000377,,0.364,0.000102,,0.352,0.000251,,0.397,0.000373,,0.363,0.000338,,0.354,0.000166,,0.385,0.000646,,0.302,0.000133,,0.326,0.000144,,0.345,0.000302,,0.37,0.00016,,0.338,0.000172,,0.293,0.000128,,0.384,0.000331,,0.075,1.35e-09,,0.3529,0.00143
0.2849,0.000132,,0.3389,0.000209,,0.3289,0.000244,,0.366,0.000871,,0.1329,6.72e-05,,0.31,7.07e-05,,0.359,0.000293,,0.294,0.000302,,0.3159,0.000468,,0.299,0.000153,,0.085,6.31e-05,,0.364,0.000289,,0.367,0.000165,,0.372,0.000438,,0.348,0.0001,,0.378,0.00103,,0.35,0.000377,,0.319,0.000138,,0.171,0.00024,,0.3328,0.000307,,0.285,6.51e-05,,0.338,0.000282,,0.363,0.000194,,0.377,0.000338,,0.363,0.000206,,0.199,0.000296,,0.315,0.000262,,0.253,6.48e-05,,0.313,0.000343,,0.331,0.000188,,0.331,9.97e-05,,0.396,0.000377,,0.358,0.000102,,0.345,0.000253,,0.389,0.000375,,0.357,0.000338,,0.347,0.000166,,0.378,0.000648,,0.297,0.000135,,0.32,0.000145,,0.338,0.000303,,0.363,0.000161,,0.332,0.000173,,0.288,0.000129,,0.377,0.000331,,0.073,1.14e-09,,0.3469,0.00144
0.2799,0.000133,,0.3319,0.000212,,0.3229,0.000246,,0.3589,0.000871,,0.1299,7.03e-05,,0.304,7.11e-05,,0.3519,0.000293,,0.289,0.000304,,0.31,0.000468,,0.2929,0.000154,,0.083,6.46e-05,,0.357,0.00029,,0.36,0.000166,,0.365,0.000436,,0.342,9.96e-05,,0.371,0.00103,,0.343,0.00038,,0.313,0.000138,,0.168,0.000243,,0.3258,0.000313,,0.28,6.56e-05,,0.332,0.000281,,0.356,0.000195,,0.369,0.00034,,0.356,0.000207,,0.195,0.000298,,0.309,0.000264,,0.249,6.49e-05,,0.307,0.000347,,0.325,0.000189,,0.324,0.000101,,0.388,0.000379,,0.351,0.000102,,0.338,0.000254,,0.382,0.000374,,0.35,0.00034,,0.341,0.000165,,0.37,0.00065,,0.291,0.000138,,0.313,0.000147,,0.332,0.000304,,0.356,0.000162,,0.325,0.000176,,0.282,0.000131,,0.37,0.000334,,0.072,1.9e-09,,0.3399,0.00146
0.2739,0.000134,,0.326,0.000212,,0.3169,0.000246,,0.3519,0.000879,,0.1279,7.11e-05,,0.2979,7.14e-05,,0.3449,0.000293,,0.2829,0.000307,,0.304,0.00047,,0.287,0.000155,,0.081,6.67e-05,,0.3499,0.000291,,0.3529,0.000168,,0.3579,0.000437,,0.335,0.000101,,0.364,0.00103,,0.336,0.000381,,0.307,0.000139,,0.165,0.000248,,0.3198,0.000313,,0.274,6.7e-05,,0.325,0.000283,,0.349,0.000196,,0.362,0.00034,,0.349,0.000208,,0.192,0.000298,,0.303,0.000267,,0.244,6.59e-05,,0.301,0.000351,,0.319,0.000192,,0.318,0.000101,,0.381,0.000379,,0.344,0.000103,,0.332,0.000254,,0.374,0.000375,,0.343,0.00034,,0.334,0.000167,,0.363,0.000649,,0.285,0.000141,,0.307,0.000147,,0.325,0.000308,,0.349,0.000163,,0.319,0.000176,,0.277,0.000132,,0.363,0.000335,,0.071,1.51e-09,,0.3329,0.00147
0.2689,0.000135,,0.3189,0.000214,,0.3099,0.000249,,0.3449,0.00088,,0.1249,7.47e-05,,0.292,7.12e-05,,0.338,0.000294,,0.2769,0.000308,,0.2979,0.000474,,0.281,0.000156,,0.08,6.73e-05,,0.343,0.000291,,0.346,0.000169,,0.351,0.000437,,0.328,0.000101,,0.356,0.00104,,0.33,0.000382,,0.301,0.000139,,0.161,0.000258,,0.3128,0.000318,,0.269,6.75e-05,,0.319,0.000283,,0.342,0.000198,,0.355,0.000337,,0.342,0.000208,,0.188,0.00031,,0.296,0.000269,,0.239,6.62e-05,,0.295,0.000355,,0.312,0.000194,,0.312,0.000102,,0.373,0.00038,,0.337,0.000104,,0.325,0.000255,,0.367,0.000375,,0.336,0.000341,,0.327,0.000167,,0.356,0.000651,,0.28,0.000143,,0.301,0.000148,,0.319,0.000309,,0.342,0.000165,,0.312,0.000178,,0.271,0.000133,,0.355,0.000338,,0.069,1.64e-09,,0.3269,0.00148
0.2629,0.000137,,0.3129,0.000218,,0.3039,0.000253,,0.338,0.000886,,0.123,7.66e-05,,0.286,7.13e-05,,0.3319,0.000294,,0.2719,0.000309,,0.292,0.000476,,0.276,0.000156,,0.078,6.96e-05,,0.336,0.000291,,0.339,0.00017,,0.344,0.000438,,0.322,0.000101,,0.349,0.00104,,0.323,0.000385,,0.295,0.00014,,0.158,0.000262,,0.3068,0.000321,,0.263,6.9e-05,,0.312,0.000285,,0.335,0.000199,,0.348,0.000336,,0.335,0.000208,,0.184,0.000317,,0.29,0.000271,,0.234,6.77e-05,,0.289,0.000358,,0.306,0.000201,,0.305,0.000104,,0.365,0.000381,,0.33,0.000105,,0.319,0.000255,,0.359,0.000377,,0.329,0.000341,,0.321,0.000166,,0.349,0.000652,,0.274,0.000146,,0.295,0.000149,,0.312,0.00031,,0.335,0.000165,,0.306,0.000178,,0.266,0.000134,,0.348,0.000339,,0.068,1.48e-09,,0.3199,0.00149
0.2579,0.000137,,0.3059,0.000224,,0.2979,0.000254,,0.3309,0.000889,,0.1199,7.83e-05,,0.281,7.12e-05,,0.325,0.000296,,0.2659,0.00031,,0.286,0.000476,,0.2699,0.000157,,0.076,7.11e-05,,0.329,0.000291,,0.3319,0.000172,,0.337,0.000437,,0.315,0.000102,,0.342,0.00104,,0.316,0.000387,,0.289,0.00014,,0.155,0.000272,,0.3008,0.000324,,0.258,6.95e-05,,0.306,0.000283,,0.328,0.000201,,0.341,0.000336,,0.328,0.000208,,0.18,0.00032,,0.284,0.000272,,0.229,6.88e-05,,0.283,0.000363,,0.299,0.000207,,0.299,0.000104,,0.358,0.00038,,0.323,0.000106,,0.312,0.000256,,0.352,0.000376,,0.322,0.000342,,0.314,0.000167,,0.341,0.000656,,0.268,0.000148,,0.289,0.000149,,0.306,0.00031,,0.328,0.000166,,0.3,0.000178,,0.26,0.000136,,0.341,0.000341,,0.066,1.66e-09,,0.3139,0.00148
0.2519,0.000139,,0.2999,0.000226,,0.2909,0.000256,,0.3239,0.000889,,0.1179,7.88e-05,,0.2749,7.14e-05,,0.318,0.000297,,0.26,0.000312,,0.2799,0.000479,,0.2639,0.000158,,0.075,7.11e-05,,0.3219,0.000291,,0.325,0.000173,,0.33,0.000437,,0.308,0.000102,,0.335,0.00105,,0.31,0.000387,,0.282,0.000141,,0.152,0.000274,,0.2938,0.000325,,0.2519,7.12e-05,,0.299,0.000284,,0.321,0.000203,,0.333,0.000337,,0.322,0.000207,,0.176,0.000332,,0.278,0.000274,,0.224,6.96e-05,,0.277,0.000366,,0.293,0.000209,,0.293,0.000104,,0.35,0.000382,,0.316,0.000105,,0.305,0.000256,,0.344,0.000378,,0.316,0.000341,,0.307,0.000167,,0.334,0.000658,,0.262,0.000151,,0.283,0.00015,,0.299,0.000312,,0.321,0.000167,,0.293,0.000183,,0.255,0.000136,,0.334,0.000342,,0.065,1.64e-09,,0.3069,0.00149
0.2469,0.000138,,0.2929,0.000228,,0.2849,0.000257,,0.317,0.00089,,0.1149,8.15e-05,,0.2689,7.22e-05,,0.3109,0.000297,,0.255,0.000314,,0.274,0.000483,,0.2589,0.000159,,0.073,7.32e-05,,0.315,0.000291,,0.318,0.000174,,0.3219,0.000438,,0.302,0.000102,,0.327,0.00105,,0.303,0.00039,,0.276,0.000142,,0.148,0.00028,,0.2878,0.000331,,0.2469,7.16e-05,,0.293,0.000285,,0.314,0.000204,,0.326,0.000336,,0.315,0.000208,,0.173,0.00034,,0.272,0.000278,,0.219,7e-05,,0.271,0.000371,,0.287,0.000211,,0.286,0.000106,,0.343,0.000382,,0.31,0.000106,,0.299,0.000256,,0.337,0.000378,,0.309,0.000343,,0.301,0.000167,,0.327,0.000656,,0.257,0.000151,,0.277,0.000151,,0.293,0.000313,,0.314,0.000166,,0.287,0.000184,,0.249,0.000138,,0.327,0.000343,,0.064,1.48e-09,,0.2999,0.00151
0.2419,0.000139,,0.2869,0.000228,,0.2789,0.000257,,0.3099,0.000892,,0.1129,8.84e-05,,0.263,7.22e-05,,0.304,0.000296,,0.2489,0.000316,,0.268,0.000486,,0.253,0.00016,,0.072,7.39e-05,,0.308,0.000292,,0.311,0.000176,,0.315,0.000439,,0.295,0.000103,,0.32,0.00105,,0.2959,0.000392,,0.2699,0.000142,,0.145,0.000279,,0.2818,0.000335,,0.241,7.3e-05,,0.286,0.000285,,0.308,0.000203,,0.319,0.000335,,0.308,0.00021,,0.169,0.000349,,0.266,0.000281,,0.215,6.99e-05,,0.265,0.000375,,0.28,0.000213,,0.28,0.000106,,0.335,0.000384,,0.303,0.000106,,0.292,0.000257,,0.33,0.000388,,0.302,0.000343,,0.294,0.000167,,0.32,0.000658,,0.251,0.000153,,0.27,0.000151,,0.287,0.000315,,0.307,0.000166,,0.281,0.000184,,0.244,0.000138,,0.319,0.000345,,0.062,1.64e-09,,0.2939,0.00152
0.2359,0.000141,,0.2799,0.000231,,0.2719,0.000259,,0.3029,0.000897,,0.1099,9.2e-05,,0.2569,7.24e-05,,0.297,0.000296,,0.2439,0.000317,,0.2619,0.000489,,0.2469,0.000161,,0.07,7.62e-05,,0.3009,0.000293,,0.304,0.000177,,0.308,0.000439,,0.288,0.000103,,0.313,0.00105,,0.289,0.000393,,0.264,0.000142,,0.142,0.000286,,0.2748,0.00034,,0.236,7.35e-05,,0.28,0.000285,,0.301,0.000206,,0.312,0.000333,,0.301,0.000211,,0.165,0.000353,,0.26,0.000282,,0.21,7.08e-05,,0.259,0.000377,,0.274,0.000214,,0.274,0.000106,,0.327,0.000385,,0.296,0.000107,,0.285,0.000257,,0.322,0.000392,,0.295,0.000344,,0.287,0.000167,,0.313,0.000657,,0.245,0.000154,,0.264,0.000152,,0.28,0.000316,,0.3,0.000167,,0.274,0.000186,,0.238,0.00014,,0.312,0.000345,,0.061,1.35e-09,,0.2869,0.00153
0.2309,0.000142,,0.2739,0.000233,,0.2659,0.000258,,0.2959,0.000899,,0.1069,9.33e-05,,0.2509,7.23e-05,,0.2899,0.000296,,0.2379,0.000318,,0.255,0.00049,,0.2409,0.000162,,0.068,7.84e-05,,0.294,0.000292,,0.297,0.000178,,0.301,0.000439,,0.282,0.000103,,0.306,0.00105,,0.283,0.000394,,0.258,0.000142,,0.138,0.000293,,0.2688,0.00034,,0.23,7.51e-05,,0.273,0.000286,,0.294,0.000207,,0.304,0.000335,,0.294,0.000212,,0.161,0.000355,,0.254,0.000284,,0.205,7.18e-05,,0.253,0.00038,,0.268,0.000214,,0.267,0.000108,,0.32,0.000384,,0.289,0.000107,,0.279,0.000256,,0.315,0.000393,,0.288,0.000344,,0.281,0.000167,,0.305,0.00066,,0.24,0.000155,,0.258,0.000153,,0.274,0.000317,,0.293,0.000168,,0.268,0.000185,,0.233,0.00014,,0.305,0.000346,,0.059,1.7e-09,,0.2799,0.00154
0.2249,0.000144,,0.2669,0.000235,,0.2599,0.000259,,0.2889,0.000894,,0.1049,9.39e-05,,0.245,7.19e-05,,0.2829,0.000298,,0.232,0.000319,,0.2489,0.000494,,0.2359,0.000161,,0.067,7.9e-05,,0.287,0.000294,,0.29,0.000179,,0.294,0.000439,,0.275,0.000104,,0.298,0.00106,,0.276,0.000396,,0.2519,0.000143,,0.135,0.000295,,0.2618,0.000343,,0.225,7.55e-05,,0.267,0.000286,,0.287,0.000208,,0.297,0.000334,,0.287,0.000212,,0.157,0.000364,,0.248,0.000285,,0.2,7.23e-05,,0.247,0.000383,,0.261,0.000216,,0.261,0.000108,,0.312,0.000386,,0.282,0.000108,,0.272,0.000257,,0.307,0.000392,,0.281,0.000345,,0.274,0.000167,,0.298,0.000657,,0.234,0.000156,,0.252,0.000154,,0.267,0.000318,,0.286,0.000169,,0.262,0.000185,,0.227,0.000142,,0.298,0.000348,,0.058,1.27e-09,,0.2739,0.00155
0.2199,0.000143,,0.2609,0.000236,,0.2539,0.00026,,0.2819,0.000895,,0.1019,0.0001,,0.2389,7.27e-05,,0.276,0.000299,,0.227,0.00032,,0.243,0.000493,,0.2299,0.000163,,0.065,8.12e-05,,0.2799,0.000293,,0.2829,0.00018,,0.287,0.000442,,0.268,0.000104,,0.291,0.00106,,0.269,0.000398,,0.246,0.000143,,0.132,0.000292,,0.2558,0.000347,,0.219,7.71e-05,,0.26,0.000286,,0.28,0.000209,,0.29,0.000333,,0.28,0.000212,,0.153,0.00037,,0.242,0.000286,,0.195,7.27e-05,,0.241,0.000387,,0.255,0.000215,,0.255,0.000108,,0.305,0.000385,,0.275,0.000108,,0.266,0.000257,,0.3,0.000391,,0.275,0.000344,,0.267,0.000168,,0.291,0.000659,,0.228,0.000156,,0.246,0.000154,,0.261,0.000318,,0.279,0.000169,,0.255,0.000187,,0.222,0.000142,,0.29,0.000348,,0.056,9.82e-10,,0.2669,0.00157
0.2139,0.000144,,0.2539,0.000236,,0.2469,0.000261,,0.2749,0.000896,,0.0999,0.0001,,0.2329,7.34e-05,,0.2699,0.000298,,0.2209,0.000322,,0.237,0.000496,,0.224,0.000164,,0.064,8.2e-05,,0.273,0.000293,,0.2749,0.000182,,0.28,0.000442,,0.262,0.000104,,0.284,0.00106,,0.263,0.000398,,0.24,0.000143,,0.129,0.000295,,0.2498,0.000353,,0.214,7.75e-05,,0.254,0.000285,,0.273,0.00021,,0.283,0.000332,,0.273,0.000213,,0.15,0.000373,,0.236,0.000287,,0.19,7.31e-05,,0.235,0.000391,,0.249,0.000217,,0.248,0.00011,,0.297,0.000386,,0.268,0.000108,,0.259,0.000258,,0.292,0.000392,,0.268,0.000345,,0.261,0.000167,,0.284,0.000661,,0.223,0.000156,,0.24,0.000154,,0.254,0.000319,,0.272,0.00017,,0.249,0.000186,,0.216,0.000144,,0.283,0.000349,,0.055,-1.33e-09,,0.2599,0.00158
0.2089,0.000144,,0.2479,0.00024,,0.2409,0.000261,,0.2679,0.000902,,0.0969,0.000102,,0.227,7.36e-05,,0.263,0.000298,,0.2149,0.000324,,0.2309,0.000497,,0.2179,0.000165,,0.062,8.37e-05,,0.266,0.000293,,0.268,0.000183,,0.272,0.000443,,0.255,0.000105,,0.277,0.00105,,0.256,0.0004,,0.233,0.000144,,0.125,0.000302,,0.2428,0.000357,,0.209,7.83e-05,,0.2469,0.000285,,0.266,0.000212,,0.276,0.000332,,0.266,0.000213,,0.146,0.000379,,0.23,0.000288,,0.185,7.34e-05,,0.229,0.000393,,0.242,0.000218,,0.242,0.00011,,0.29,0.000386,,0.262,0.000108,,0.252,0.000258,,0.285,0.00039,,0.261,0.000345,,0.254,0.000169,,0.276,0.000662,,0.217,0.000158,,0.234,0.000154,,0.248,0.00032,,0.265,0.000171,,0.243,0.000186,,0.21,0.000145,,0.276,0.00035,,0.054,-4.54e-09,,0.2539,0.00158
0.2029,0.000145,,0.2409,0.000243,,0.2349,0.000262,,0.2609,0.000901,,0.0949,0.000106,,0.2209,7.37e-05,,0.2559,0.000297,,0.2099,0.000324,,0.2249,0.000498,,0.2129,0.000165,,0.06,8.53e-05,,0.2589,0.000296,,0.261,0.000184,,0.2649,0.000443,,0.248,0.000105,,0.269,0.00106,,0.249,0.0004,,0.227,0.000144,,0.122,0.000309,,0.2368,0.000359,,0.2029,8e-05,,0.241,0.000285,,0.259,0.000213,,0.268,0.000333,,0.259,0.000213,,0.142,0.000388,,0.224,0.00029,,0.181,7.35e-05,,0.223,0.000396,,0.236,0.000218,,0.236,0.000111,,0.282,0.000388,,0.255,0.000109,,0.246,0.000257,,0.277,0.00039,,0.254,0.000346,,0.2469,0.000169,,0.269,0.00066,,0.211,0.000159,,0.228,0.000155,,0.241,0.000321,,0.258,0.000172,,0.236,0.000188,,0.205,0.000145,,0.269,0.000352,,0.052,-5.92e-09,,0.2469,0.0016
0.1979,0.000145,,0.2349,0.000248,,0.2279,0.000265,,0.2539,0.000903,,0.0919,0.00011,,0.2149,7.34e-05,,0.2489,0.000297,,0.2039,0.000325,,0.219,0.0005,,0.2069,0.000165,,0.059,8.64e-05,,0.2519,0.000296,,0.2539,0.000185,,0.258,0.000443,,0.242,0.000104,,0.262,0.00106,,0.242,0.000401,,0.2209,0.000145,,0.119,0.000316,,0.2308,0.000361,,0.198,8.04e-05,,0.2339,0.000285,,0.252,0.000214,,0.261,0.000332,,0.252,0.000213,,0.138,0.000394,,0.218,0.000291,,0.176,7.44e-05,,0.217,0.000399,,0.23,0.000219,,0.229,0.000112,,0.274,0.000389,,0.248,0.00011,,0.239,0.000258,,0.27,0.000388,,0.247,0.000347,,0.241,0.000168,,0.262,0.000664,,0.206,0.000159,,0.221,0.000157,,0.235,0.000319,,0.251,0.000173,,0.23,0.000187,,0.199,0.000147,,0.261,0.000355,,0.051,-1.11e-08,,0.2399,0.00161
0.1919,0.000146,,0.2279,0.000247,,0.2219,0.000266,,0.2469,0.000906,,0.0899,0.000111,,0.209,7.35e-05,,0.242,0.000298,,0.198,0.000327,,0.2129,0.000503,,0.201,0.000166,,0.057,8.81e-05,,0.245,0.000297,,0.2469,0.000186,,0.251,0.000443,,0.235,0.000105,,0.255,0.00106,,0.236,0.000402,,0.215,0.000147,,0.115,0.000317,,0.2238,0.000365,,0.192,8.19e-05,,0.228,0.000286,,0.245,0.000215,,0.254,0.000332,,0.245,0.000213,,0.134,0.000402,,0.212,0.000293,,0.171,7.49e-05,,0.211,0.000402,,0.223,0.000221,,0.223,0.000113,,0.267,0.000387,,0.241,0.00011,,0.233,0.000259,,0.262,0.000388,,0.24,0.000347,,0.234,0.000169,,0.255,0.000664,,0.2,0.00016,,0.215,0.000157,,0.228,0.000321,,0.245,0.000172,,0.224,0.000188,,0.194,0.000147,,0.254,0.000362,,0.049,-9.17e-10,,0.2339,0.00161
0.1869,0.000147,,0.2219,0.000248,,0.2159,0.000267,,0.2399,0.000907,,0.0869,0.000113,,0.2029,7.32e-05,,0.235,0.000299,,0.193,0.000328,,0.2069,0.000505,,0.196,0.000166,,0.055,8.95e-05,,0.2379,0.000298,,0.24,0.000186,,0.2439,0.000443,,0.228,0.000105,,0.248,0.00106,,0.229,0.000404,,0.209,0.000147,,0.112,0.000318,,0.2178,0.000368,,0.187,8.25e-05,,0.2209,0.000287,,0.238,0.000216,,0.2469,0.000333,,0.238,0.000213,,0.131,0.000403,,0.206,0.000293,,0.166,7.53e-05,,0.205,0.000407,,0.217,0.000221,,0.217,0.000113,,0.259,0.000389,,0.234,0.00011,,0.226,0.00026,,0.255,0.000387,,0.234,0.000347,,0.227,0.000169,,0.247,0.000666,,0.194,0.000159,,0.209,0.000157,,0.222,0.00032,,0.238,0.000174,,0.217,0.00019,,0.188,0.000149,,0.247,0.000367,,0.048,1.44e-09,,0.2269,0.0016
0.1809,0.000148,,0.2149,0.000247,,0.2089,0.000268,,0.2329,0.00091,,0.0839,0.000115,,0.1969,7.39e-05,,0.2279,0.000299,,0.1869,0.00033,,0.201,0.000507,,0.1899,0.000167,,0.054,9.01e-05,,0.2309,0.0003,,0.233,0.000187,,0.237,0.000443,,0.221,0.000106,,0.24,0.00106,,0.222,0.000405,,0.2029,0.000148,,0.109,0.000318,,0.2108,0.000373,,0.181,8.43e-05,,0.215,0.000287,,0.231,0.000218,,0.239,0.000334,,0.231,0.000213,,0.127,0.000411,,0.2,0.000294,,0.161,7.56e-05,,0.199,0.000412,,0.211,0.000223,,0.21,0.000115,,0.252,0.000388,,0.227,0.00011,,0.219,0.00026,,0.247,0.000392,,0.227,0.000348,,0.221,0.000168,,0.24,0.000666,,0.189,0.00016,,0.203,0.000158,,0.215,0.00032,,0.231,0.000174,,0.211,0.000188,,0.183,0.000149,,0.24,0.000371,,0.047,3.34e-09,,0.2199,0.00161
0.1759,0.000148,,0.2089,0.00025,,0.2029,0.000268,,0.2259,0.000912,,0.0819,0.000114,,0.191,7.41e-05,,0.2209,0.000298,,0.181,0.000331,,0.1949,0.000508,,0.1839,0.000168,,0.052,9.2e-05,,0.224,0.0003,,0.2259,0.000188,,0.23,0.000442,,0.215,0.000106,,0.233,0.00106,,0.216,0.000405,,0.197,0.000149,,0.106,0.00032,,0.2048,0.000377,,0.176,8.47e-05,,0.2079,0.000289,,0.224,0.000219,,0.232,0.000332,,0.224,0.000213,,0.123,0.00042,,0.194,0.000296,,0.156,7.6e-05,,0.193,0.000414,,0.204,0.000224,,0.204,0.000115,,0.244,0.000389,,0.22,0.000111,,0.213,0.000259,,0.24,0.000394,,0.22,0.000348,,0.214,0.000169,,0.233,0.000665,,0.183,0.000161,,0.197,0.000158,,0.209,0.000327,,0.224,0.000176,,0.204,0.000191,,0.177,0.000151,,0.233,0.000375,,0.045,5.92e-09,,0.2139,0.00162
0.1699,0.00015,,0.2019,0.000252,,0.1969,0.00027,,0.2189,0.000911,,0.0789,0.000114,,0.185,7.46e-05,,0.214,0.000297,,0.1759,0.000332,,0.189,0.000508,,0.178,0.000168,,0.051,9.27e-05,,0.217,0.000302,,0.219,0.00019,,0.222,0.000444,,0.208,0.000107,,0.226,0.00106,,0.209,0.000407,,0.191,0.00015,,0.102,0.000328,,0.1988,0.00038,,0.17,8.65e-05,,0.202,0.000288,,0.217,0.000219,,0.225,0.000332,,0.217,0.000213,,0.119,0.000424,,0.188,0.000297,,0.151,7.63e-05,,0.187,0.000418,,0.198,0.000224,,0.197,0.000116,,0.236,0.00039,,0.214,0.000111,,0.206,0.000259,,0.233,0.000397,,0.213,0.00035,,0.207,0.000169,,0.226,0.000665,,0.177,0.000161,,0.191,0.000159,,0.202,0.000332,,0.217,0.000176,,0.198,0.000189,,0.172,0.000151,,0.225,0.000378,,0.044,1.14e-08,,0.2069,0.00163
0.1649,0.000149,,0.1959,0.000252,,0.1899,0.000274,,0.2119,0.000907,,0.0769,0.000115,,0.1789,7.49e-05,,0.2079,0.000297,,0.17,0.000334,,0.183,0.000509,,0.173,0.000168,,0.049,9.44e-05,,0.2099,0.000302,,0.212,0.000192,,0.215,0.000443,,0.201,0.000107,,0.219,0.00107,,0.202,0.000407,,0.185,0.00015,,0.099,0.000331,,0.1918,0.000382,,0.165,8.7e-05,,0.195,0.000289,,0.21,0.00022,,0.218,0.000331,,0.21,0.000213,,0.115,0.000428,,0.182,0.000298,,0.147,7.58e-05,,0.181,0.000421,,0.192,0.000226,,0.191,0.000116,,0.229,0.000389,,0.207,0.000111,,0.199,0.00026,,0.225,0.000399,,0.206,0.000351,,0.201,0.000168,,0.218,0.000668,,0.171,0.000162,,0.185,0.000159,,0.196,0.000333,,0.21,0.000177,,0.192,0.000191,,0.166,0.000152,,0.218,0.000378,,0.042,1.83e-09,,0.2009,0.00164
0.1589,0.00015,,0.1889,0.000253,,0.1839,0.000272,,0.2049,0.000907,,0.0739,0.000117,,0.173,7.49e-05,,0.201,0.000297,,0.165,0.000334,,0.1769,0.000511,,0.167,0.000168,,0.047,9.6e-05,,0.2029,0.000302,,0.2049,0.000193,,0.2079,0.000443,,0.195,0.000107,,0.211,0.00107,,0.196,0.000407,,0.178,0.00015,,0.096,0.00033,,0.1858,0.000385,,0.159,8.91e-05,,0.189,0.000289,,0.203,0.000222,,0.211,0.00033,,0.203,0.000212,,0.111,0.000433,,0.176,0.000299,,0.142,7.72e-05,,0.175,0.000423,,0.185,0.000227,,0.185,0.000117,,0.221,0.000391,,0.2,0.000111,,0.193,0.000259,,0.218,0.000398,,0.199,0.000351,,0.194,0.000168,,0.211,0.000667,,0.166,0.000161,,0.179,0.000159,,0.189,0.000333,,0.203,0.000177,,0.185,0.000192,,0.161,0.000152,,0.211,0.000378,,0.041,1.62e-09,,0.1939,0.00165
0.1539,0.00015,,0.183,0.000255,,0.1779,0.000269,,0.198,0.000907,,0.0719,0.000119,,0.168,7.49e-05,,0.1939,0.000297,,0.1589,0.000335,,0.171,0.000514,,0.1609,0.000168,,0.046,9.67e-05,,0.196,0.000303,,0.198,0.000195,,0.201,0.000443,,0.188,0.000108,,0.204,0.00107,,0.189,0.00041,,0.1719,0.00015,,0.092,0.000338,,0.1799,0.000389,,0.154,8.98e-05,,0.183,0.000289,,0.196,0.000223,,0.2029,0.00033,,0.196,0.000213,,0.108,0.000437,,0.17,0.000299,,0.137,7.8e-05,,0.169,0.000429,,0.179,0.000227,,0.178,0.000119,,0.214,0.000391,,0.193,0.000111,,0.186,0.00026,,0.21,0.000398,,0.193,0.00035,,0.187,0.000169,,0.204,0.000668,,0.16,0.000161,,0.172,0.00016,,0.183,0.00033,,0.196,0.000177,,0.179,0.000192,,0.155,0.000154,,0.204,0.000378,,0.04,2.88e-09,,0.1869,0.00166
0.1489,0.00015,,0.1759,0.000258,,0.1709,0.000272,,0.1909,0.00091,,0.0689,0.000122,,0.162,7.47e-05,,0.1869,0.000298,,0.1529,0.000336,,0.165,0.000513,,0.1559,0.000168,,0.044,9.82e-05,,0.189,0.000302,,0.191,0.000196,,0.194,0.000444,,0.181,0.000108,,0.197,0.00107,,0.182,0.000411,,0.166,0.000149,,0.089,0.000335,,0.1728,0.000393,,0.148,9.24e-05,,0.176,0.00029,,0.189,0.000223,,0.196,0.000329,,0.189,0.000212,,0.104,0.000443,,0.164,0.0003,,0.132,7.87e-05,,0.163,0.000432,,0.172,0.000228,,0.172,0.000119,,0.206,0.000391,,0.186,0.000112,,0.18,0.000259,,0.203,0.000395,,0.186,0.00035,,0.181,0.000168,,0.197,0.000669,,0.154,0.000162,,0.166,0.00016,,0.176,0.000332,,0.189,0.000178,,0.173,0.000193,,0.15,0.000154,,0.196,0.000378,,0.038,4.28e-09,,0.1809,0.00166
0.1429,0.000151,,0.17,0.000258,,0.1649,0.000271,,0.1839,0.000915,,0.0669,0.000122,,0.1559,7.51e-05,,0.18,0.000297,,0.1479,0.000339,,0.1589,0.000513,,0.15,0.000169,,0.042,0.0001,,0.183,0.000301,,0.184,0.000196,,0.187,0.000444,,0.175,0.000107,,0.19,0.00107,,0.175,0.000413,,0.16,0.00015,,0.086,0.000343,,0.1669,0.000395,,0.143,9.36e-05,,0.17,0.000289,,0.182,0.000225,,0.189,0.000334,,0.182,0.000212,,0.1,0.000453,,0.158,0.0003,,0.127,8.01e-05,,0.157,0.000436,,0.166,0.000227,,0.166,0.000119,,0.198,0.000392,,0.179,0.000112,,0.173,0.00026,,0.195,0.000395,,0.179,0.00035,,0.174,0.000168,,0.189,0.000676,,0.149,0.000162,,0.16,0.000161,,0.17,0.000334,,0.182,0.000179,,0.166,0.000195,,0.144,0.000156,,0.189,0.000378,,0.037,3.8e-09,,0.1739,0.00166
0.1379,0.000152,,0.1629,0.000261,,0.1589,0.000272,,0.1769,0.000918,,0.0639,0.000123,,0.15,7.6e-05,,0.173,0.000298,,0.142,0.000341,,0.152,0.000513,,0.144,0.00017,,0.041,0.000101,,0.176,0.0003,,0.1769,0.000197,,0.18,0.000444,,0.168,0.000109,,0.182,0.00107,,0.169,0.000412,,0.154,0.00015,,0.083,0.000348,,0.1598,0.000397,,0.138,9.53e-05,,0.163,0.00029,,0.175,0.000226,,0.182,0.000338,,0.175,0.000212,,0.096,0.000454,,0.152,0.000301,,0.122,8.08e-05,,0.151,0.00044,,0.16,0.000228,,0.159,0.000121,,0.191,0.000392,,0.172,0.000112,,0.166,0.000261,,0.188,0.000394,,0.172,0.000352,,0.167,0.00017,,0.182,0.000675,,0.143,0.000162,,0.154,0.000161,,0.163,0.000336,,0.175,0.00018,,0.16,0.000194,,0.139,0.000156,,0.182,0.000377,,0.035,1e-09,,0.1669,0.00168
0.1319,0.000152,,0.157,0.00026,,0.1529,0.000273,,0.17,0.000917,,0.0619,0.000124,,0.144,7.6e-05,,0.1659,0.000298,,0.136,0.000342,,0.1459,0.000515,,0.1379,0.000171,,0.039,0.000103,,0.1689,0.000299,,0.17,0.000198,,0.173,0.000445,,0.161,0.000112,,0.175,0.00107,,0.162,0.000412,,0.148,0.00015,,0.079,0.000353,,0.1539,0.0004,,0.132,9.83e-05,,0.157,0.000291,,0.168,0.000227,,0.174,0.000338,,0.168,0.000212,,0.092,0.000467,,0.146,0.000302,,0.117,8.14e-05,,0.145,0.000442,,0.153,0.000229,,0.153,0.000121,,0.183,0.000393,,0.166,0.000112,,0.16,0.000259,,0.18,0.000395,,0.165,0.000352,,0.161,0.00017,,0.175,0.000675,,0.137,0.000163,,0.148,0.000161,,0.157,0.000336,,0.168,0.000179,,0.154,0.000195,,0.133,0.000158,,0.175,0.000377,,0.034,1.57e-09,,0.1609,0.00169
0.1269,0.000153,,0.1499,0.000262,,0.1459,0.000274,,0.1629,0.000918,,0.0589,0.000127,,0.1379,7.6e-05,,0.1589,0.000297,,0.131,0.000342,,0.1399,0.000516,,0.1329,0.000171,,0.038,0.000104,,0.162,0.000299,,0.163,0.000198,,0.165,0.000446,,0.155,0.000113,,0.168,0.00108,,0.155,0.000414,,0.142,0.00015,,0.076,0.000354,,0.1478,0.000402,,0.127,0.0001,,0.15,0.000292,,0.161,0.000229,,0.167,0.000336,,0.161,0.000212,,0.089,0.000473,,0.14,0.000305,,0.113,8.11e-05,,0.139,0.000445,,0.147,0.000229,,0.147,0.000122,,0.176,0.000392,,0.159,0.000112,,0.153,0.00026,,0.173,0.000393,,0.158,0.000351,,0.154,0.00017,,0.168,0.000677,,0.132,0.000162,,0.142,0.000161,,0.15,0.000335,,0.161,0.00018,,0.147,0.000196,,0.128,0.000158,,0.167,0.000378,,0.033,1.14e-09,,0.1539,0.00168
0.1209,0.000153,,0.144,0.000262,,0.1399,0.000276,,0.1559,0.000919,,0.0559,0.000129,,0.132,7.63e-05,,0.1529,0.000296,,0.1249,0.000343,,0.134,0.000519,,0.1269,0.000171,,0.036,0.000106,,0.155,0.000298,,0.156,0.000199,,0.158,0.000446,,0.148,0.000115,,0.161,0.00108,,0.149,0.000415,,0.136,0.00015,,0.073,0.000355,,0.1409,0.000404,,0.121,0.000104,,0.144,0.000292,,0.154,0.000229,,0.16,0.000336,,0.154,0.000211,,0.085,0.000476,,0.134,0.000307,,0.108,8.17e-05,,0.133,0.000447,,0.141,0.00023,,0.14,0.000123,,0.168,0.000394,,0.152,0.000113,,0.147,0.000259,,0.165,0.000394,,0.151,0.000351,,0.148,0.00017,,0.16,0.00068,,0.126,0.000163,,0.136,0.000162,,0.144,0.000335,,0.154,0.000181,,0.141,0.000195,,0.122,0.000159,,0.16,0.000377,,0.031,5.68e-10,,0.1469,0.00169
0.1159,0.000152,,0.1369,0.000266,,0.1339,0.000283,,0.149,0.000919,,0.0539,0.00013,,0.126,7.66e-05,,0.1459,0.000297,,0.1189,0.000345,,0.1279,0.000519,,0.121,0.000172,,0.034,0.000109,,0.1479,0.000297,,0.149,0.000201,,0.151,0.000446,,0.141,0.000115,,0.153,0.00108,,0.142,0.000417,,0.129,0.00015,,0.069,0.000359,,0.1348,0.000409,,0.116,0.000105,,0.137,0.000292,,0.147,0.00023,,0.153,0.000336,,0.147,0.000211,,0.081,0.000482,,0.128,0.000308,,0.103,8.2e-05,,0.127,0.00045,,0.134,0.000231,,0.134,0.000124,,0.161,0.000393,,0.145,0.000117,,0.14,0.00026,,0.158,0.000392,,0.145,0.000351,,0.141,0.00017,,0.153,0.000679,,0.12,0.000164,,0.13,0.000162,,0.137,0.000338,,0.147,0.000182,,0.135,0.000195,,0.117,0.00016,,0.153,0.000379,,0.03,-1.09e-10,,0.1409,0.0017
0.1099,0.000152,,0.131,0.000269,,0.1269,0.000289,,0.1419,0.000918,,0.0509,0.000129,,0.1199,7.69e-05,,0.139,0.000297,,0.1139,0.000344,,0.1219,0.000518,,0.1149,0.000172,,0.033,0.00011,,0.141,0.000297,,0.142,0.000203,,0.144,0.000447,,0.135,0.000115,,0.146,0.00108,,0.135,0.000417,,0.123,0.00015,,0.066,0.000356,,0.1288,0.000412,,0.11,0.000109,,0.131,0.000291,,0.14,0.000231,,0.146,0.000335,,0.14,0.000211,,0.077,0.000489,,0.122,0.000309,,0.098,8.25e-05,,0.121,0.000457,,0.128,0.00023,,0.128,0.000125,,0.153,0.000395,,0.138,0.000119,,0.133,0.00026,,0.15,0.000392,,0.138,0.000351,,0.134,0.000171,,0.146,0.000678,,0.115,0.000163,,0.123,0.000164,,0.131,0.000349,,0.14,0.000183,,0.128,0.000197,,0.111,0.000161,,0.146,0.000378,,0.028,-9.17e-10,,0.1339,0.00171
0.1049,0.000152,,0.1239,0.000269,,0.1209,0.000288,,0.1349,0.000923,,0.0489,0.00013,,0.114,7.69e-05,,0.132,0.000296,,0.108,0.000345,,0.116,0.000519,,0.11,0.000171,,0.031,0.000113,,0.134,0.000298,,0.135,0.000203,,0.137,0.000447,,0.128,0.000115,,0.139,0.00109,,0.1279,0.000417,,0.117,0.00015,,0.063,0.000363,,0.1218,0.000415,,0.105,0.000112,,0.124,0.000292,,0.133,0.000233,,0.138,0.000334,,0.133,0.000211,,0.073,0.000492,,0.116,0.000313,,0.093,8.26e-05,,0.115,0.000463,,0.122,0.000231,,0.121,0.000127,,0.145,0.000395,,0.131,0.000119,,0.127,0.00026,,0.143,0.00039,,0.131,0.000352,,0.128,0.00017,,0.139,0.000675,,0.109,0.000163,,0.117,0.000164,,0.124,0.000354,,0.133,0.000183,,0.122,0.000196,,0.106,0.000161,,0.139,0.000378,,0.027,-3.06e-10,,0.1269,0.0017
0.0989,0.000154,,0.118,0.000269,,0.1149,0.000291,,0.1279,0.000925,,0.0459,0.000131,,0.108,7.68e-05,,0.1249,0.000297,,0.1019,0.000346,,0.11,0.000518,,0.1039,0.000174,,0.029,0.000115,,0.127,0.000298,,0.1279,0.000204,,0.13,0.000446,,0.121,0.000115,,0.132,0.00109,,0.122,0.000416,,0.111,0.00015,,0.06,0.000364,,0.1158,0.000417,,0.099,0.000116,,0.118,0.000291,,0.126,0.000235,,0.131,0.000333,,0.126,0.000211,,0.069,0.000498,,0.11,0.000316,,0.088,8.25e-05,,0.109,0.000466,,0.115,0.000232,,0.115,0.000127,,0.138,0.000394,,0.124,0.00012,,0.12,0.000261,,0.136,0.00039,,0.124,0.000351,,0.121,0.00017,,0.132,0.000677,,0.103,0.000163,,0.111,0.000164,,0.118,0.000354,,0.126,0.000184,,0.115,0.000198,,0.1,0.000162,,0.131,0.00038,,0.026,-3.06e-10,,0.1209,0.00172
0.0939,0.000153,,0.1109,0.000271,,0.1079,0.00029,,0.1209,0.000932,,0.0439,0.000132,,0.1019,7.69e-05,,0.118,0.000297,,0.0969,0.000347,,0.1039,0.000518,,0.098,0.000175,,0.028,0.000116,,0.1199,0.000298,,0.121,0.000205,,0.123,0.000446,,0.115,0.000114,,0.124,0.00109,,0.1149,0.000418,,0.105,0.000149,,0.056,0.000375,,0.1088,0.000419,,0.0939,0.000118,,0.111,0.000292,,0.119,0.000236,,0.124,0.000333,,0.12,0.00021,,0.066,0.000505,,0.103,0.000318,,0.083,8.32e-05,,0.103,0.000468,,0.109,0.000232,,0.109,0.000128,,0.13,0.000395,,0.118,0.000119,,0.113,0.000261,,0.128,0.00039,,0.117,0.000351,,0.114,0.00017,,0.124,0.000679,,0.098,0.000163,,0.105,0.000164,,0.111,0.000354,,0.119,0.000184,,0.109,0.000198,,0.095,0.000162,,0.124,0.000379,,0.024,5.02e-10,,0.1139,0.00173
0.0879,0.000154,,0.105,0.000271,,0.1019,0.000289,,0.113,0.000936,,0.0409,0.000133,,0.0959,7.67e-05,,0.111,0.000297,,0.0909,0.000348,,0.098,0.00052,,0.0929,0.000175,,0.026,0.000117,,0.113,0.000298,,0.114,0.000208,,0.1149,0.000446,,0.108,0.000115,,0.117,0.00109,,0.108,0.000419,,0.0989,0.00015,,0.053,0.000377,,0.1028,0.000419,,0.088,0.000123,,0.105,0.000292,,0.113,0.000236,,0.117,0.000332,,0.113,0.000211,,0.062,0.00051,,0.097,0.000318,,0.079,8.25e-05,,0.097,0.00047,,0.103,0.000233,,0.102,0.00013,,0.123,0.000395,,0.111,0.00012,,0.107,0.00026,,0.121,0.00039,,0.11,0.000352,,0.108,0.000169,,0.117,0.000679,,0.092,0.000163,,0.099,0.000164,,0.105,0.000355,,0.112,0.000186,,0.103,0.000198,,0.089,0.000164,,0.117,0.000379,,0.023,6.98e-10,,0.1069,0.00173
0.0829,0.000154,,0.0979,0.000274,,0.0959,0.000288,,0.1059,0.000936,,0.0389,0.000134,,0.09,7.66e-05,,0.1039,0.000298,,0.0859,0.000349,,0.092,0.000519,,0.087,0.000176,,0.025,0.000118,,0.106,0.000297,,0.1069,0.000211,,0.108,0.000445,,0.101,0.000115,,0.11,0.00109,,0.1019,0.00042,,0.093,0.00015,,0.05,0.00038,,0.0968,0.000422,,0.083,0.000126,,0.098,0.000293,,0.106,0.000237,,0.109,0.000334,,0.106,0.000211,,0.058,0.000515,,0.091,0.000318,,0.074,8.33e-05,,0.091,0.000473,,0.096,0.000233,,0.096,0.00013,,0.115,0.000397,,0.104,0.00012,,0.1,0.000261,,0.113,0.000391,,0.104,0.000352,,0.101,0.00017,,0.11,0.00068,,0.086,0.000163,,0.093,0.000165,,0.098,0.000358,,0.105,0.000186,,0.096,0.0002,,0.084,0.000164,,0.11,0.000379,,0.021,6.98e-10,,0.1009,0.00175
0.0769,0.000154,,0.092,0.000274,,0.0889,0.000289,,0.0989,0.000937,,0.0359,0.000135,,0.0839,7.68e-05,,0.0969,0.000297,,0.0799,0.000355,,0.0859,0.000519,,0.0809,0.000177,,0.023,0.00012,,0.0989,0.000297,,0.1,0.000213,,0.101,0.000446,,0.095,0.000114,,0.103,0.00109,,0.095,0.000421,,0.087,0.00015,,0.046,0.000386,,0.0898,0.000426,,0.077,0.00013,,0.092,0.000292,,0.099,0.000239,,0.102,0.000333,,0.099,0.000211,,0.054,0.000521,,0.085,0.000319,,0.069,8.31e-05,,0.085,0.000476,,0.09,0.000233,,0.09,0.000131,,0.107,0.000397,,0.0969,0.000119,,0.094,0.000259,,0.106,0.00039,,0.097,0.000353,,0.094,0.000171,,0.103,0.000676,,0.081,0.000163,,0.087,0.000165,,0.092,0.000358,,0.098,0.000187,,0.09,0.0002,,0.078,0.000167,,0.102,0.00038,,0.02,1.05e-09,,0.0939,0.00174
0.0719,0.000154,,0.0849,0.000273,,0.0829,0.00029,,0.092,0.000938,,0.0339,0.000135,,0.0779,7.77e-05,,0.0909,0.000297,,0.074,0.000358,,0.0799,0.000521,,0.0749,0.000178,,0.021,0.000122,,0.092,0.000296,,0.093,0.000216,,0.0939,0.000446,,0.088,0.000114,,0.095,0.00109,,0.088,0.000421,,0.0809,0.00015,,0.043,0.000385,,0.0838,0.000432,,0.072,0.000133,,0.085,0.000293,,0.092,0.00024,,0.095,0.000331,,0.092,0.000211,,0.05,0.000525,,0.079,0.00032,,0.064,8.34e-05,,0.079,0.000479,,0.0839,0.000233,,0.083,0.000133,,0.1,0.000397,,0.09,0.000118,,0.087,0.00026,,0.098,0.000389,,0.09,0.000353,,0.088,0.000169,,0.095,0.000677,,0.075,0.000163,,0.081,0.000166,,0.085,0.000356,,0.092,0.000186,,0.084,0.0002,,0.073,0.000169,,0.095,0.00038,,0.019,1.14e-09,,0.0869,0.00174
0.0669,0.000154,,0.079,0.000275,,0.0769,0.00029,,0.0849,0.000941,,0.0309,0.000138,,0.072,7.74e-05,,0.0839,0.000296,,0.069,0.000362,,0.074,0.000522,,0.0699,0.000177,,0.02,0.000122,,0.085,0.000296,,0.0859,0.000219,,0.087,0.000446,,0.081,0.000114,,0.088,0.00109,,0.082,0.000421,,0.074,0.000151,,0.04,0.000389,,0.0778,0.000435,,0.066,0.000138,,0.079,0.000292,,0.085,0.000242,,0.088,0.000331,,0.085,0.00021,,0.046,0.000527,,0.073,0.000321,,0.059,8.37e-05,,0.073,0.00048,,0.077,0.000235,,0.077,0.000133,,0.092,0.000397,,0.083,0.000118,,0.08,0.000261,,0.091,0.000388,,0.083,0.000353,,0.081,0.000169,,0.088,0.000674,,0.069,0.000164,,0.074,0.000166,,0.079,0.000358,,0.085,0.000188,,0.077,0.000202,,0.067,0.000171,,0.088,0.000381,,0.017,1.79e-09,,0.0809,0.00175
0.0609,0.000156,,0.0719,0.000276,,0.0699,0.000293,,0.0779,0.00094,,0.0279,0.000141,,0.066,7.69e-05,,0.077,0.000296,,0.0629,0.000364,,0.0679,0.000524,,0.064,0.000177,,0.018,0.000124,,0.0779,0.000296,,0.079,0.000222,,0.08,0.000447,,0.075,0.000113,,0.081,0.00109,,0.075,0.000423,,0.0679,0.00015,,0.037,0.000402,,0.0708,0.000436,,0.061,0.000141,,0.072,0.000293,,0.078,0.000244,,0.081,0.000331,,0.078,0.000211,,0.043,0.00053,,0.067,0.000321,,0.054,8.37e-05,,0.067,0.000484,,0.0709,0.000235,,0.071,0.000134,,0.085,0.000397,,0.076,0.000118,,0.074,0.00026,,0.083,0.000388,,0.076,0.000354,,0.074,0.000169,,0.081,0.000678,,0.063,0.000164,,0.068,0.000166,,0.072,0.000357,,0.078,0.000189,,0.071,0.000201,,0.062,0.000171,,0.081,0.000381,,0.016,1.51e-09,,0.0739,0.00176
0.0559,0.000156,,0.066,0.000276,,0.0639,0.00029,,0.0709,0.000941,,0.0259,0.000144,,0.0599,7.71e-05,,0.0699,0.0003,,0.0569,0.000364,,0.0619,0.000525,,0.0579,0.000177,,0.016,0.000126,,0.0709,0.000296,,0.0709,0.000225,,0.073,0.000447,,0.068,0.000113,,0.074,0.00109,,0.0679,0.000424,,0.062,0.00015,,0.033,0.000412,,0.0648,0.000439,,0.056,0.000145,,0.066,0.000292,,0.071,0.000246,,0.073,0.000331,,0.071,0.000211,,0.039,0.000536,,0.061,0.00032,,0.049,8.4e-05,,0.061,0.000486,,0.065,0.000235,,0.064,0.000136,,0.077,0.000398,,0.07,0.000118,,0.067,0.000261,,0.076,0.000387,,0.069,0.000354,,0.068,0.000169,,0.074,0.000678,,0.058,0.000163,,0.062,0.000166,,0.066,0.000358,,0.071,0.00019,,0.065,0.000201,,0.056,0.000172,,0.073,0.000382,,0.014,1.92e-09,,0.0679,0.00176
0.0499,0.000157,,0.0589,0.000276,,0.0579,0.00029,,0.0639,0.000936,,0.0229,0.000146,,0.054,7.69e-05,,0.0629,0.000307,,0.0519,0.000365,,0.056,0.000525,,0.0519,0.000178,,0.015,0.000126,,0.064,0.000297,,0.064,0.000227,,0.065,0.000447,,0.061,0.000113,,0.066,0.00109,,0.061,0.000424,,0.056,0.00015,,0.03,0.000414,,0.0578,0.00044,,0.0499,0.00015,,0.059,0.000293,,0.064,0.000247,,0.066,0.000331,,0.064,0.000211,,0.035,0.000541,,0.055,0.000321,,0.045,8.36e-05,,0.055,0.00049,,0.058,0.000236,,0.058,0.000138,,0.07,0.000399,,0.0629,0.000118,,0.061,0.00026,,0.068,0.000389,,0.063,0.000353,,0.061,0.00017,,0.066,0.000679,,0.052,0.000164,,0.056,0.000167,,0.059,0.000358,,0.064,0.000194,,0.058,0.000203,,0.051,0.000173,,0.066,0.000381,,0.013,1.68e-09,,0.0609,0.00177
0.0449,0.000157,,0.0529,0.000275,,0.0519,0.000291,,0.0569,0.000935,,0.0209,0.000147,,0.049,7.72e-05,,0.056,0.000309,,0.0459,0.000366,,0.049,0.000525,,0.0469,0.000179,,0.013,0.000128,,0.057,0.000297,,0.057,0.00023,,0.0579,0.000447,,0.055,0.000113,,0.059,0.00108,,0.055,0.000424,,0.0499,0.00015,,0.027,0.000416,,0.0518,0.000444,,0.0449,0.000153,,0.0529,0.000293,,0.057,0.000249,,0.059,0.000331,,0.057,0.000211,,0.031,0.000545,,0.049,0.000321,,0.04,8.41e-05,,0.049,0.000492,,0.052,0.000237,,0.052,0.000139,,0.062,0.000402,,0.056,0.000118,,0.054,0.000261,,0.061,0.000389,,0.056,0.000353,,0.054,0.00017,,0.059,0.000678,,0.046,0.000164,,0.05,0.000167,,0.053,0.000357,,0.057,0.000198,,0.052,0.000201,,0.045,0.000174,,0.059,0.000381,,0.011,1.35e-09,,0.0539,0.00178
0.0389,0.000158,,0.0469,0.000277,,0.0449,0.000292,,0.0499,0.000939,,0.0179,0.00015,,0.043,7.69e-05,,0.0489,0.00031,,0.0399,0.000367,,0.043,0.000524,,0.041,0.000181,,0.012,0.000128,,0.0499,0.000296,,0.0499,0.000232,,0.051,0.000446,,0.048,0.000114,,0.052,0.00108,,0.048,0.000425,,0.044,0.00015,,0.024,0.000418,,0.0458,0.000446,,0.039,0.000158,,0.046,0.000294,,0.05,0.000251,,0.052,0.000331,,0.05,0.000211,,0.027,0.000548,,0.043,0.000321,,0.035,8.43e-05,,0.043,0.000495,,0.045,0.000238,,0.045,0.000142,,0.054,0.000402,,0.049,0.000118,,0.047,0.000262,,0.053,0.000389,,0.049,0.000354,,0.048,0.00017,,0.052,0.000677,,0.041,0.000163,,0.044,0.000167,,0.046,0.000357,,0.05,0.0002,,0.046,0.000201,,0.039,0.000175,,0.052,0.000383,,0.01,1.59e-09,,0.0479,0.00177
0.0339,0.000158,,0.0399,0.000278,,0.0389,0.000291,,0.043,0.000936,,0.0159,0.000151,,0.0369,7.67e-05,,0.0419,0.000313,,0.035,0.000367,,0.0369,0.000526,,0.035,0.000181,,0.01,0.00013,,0.043,0.000296,,0.043,0.000235,,0.044,0.000446,,0.041,0.000114,,0.045,0.00109,,0.041,0.000428,,0.038,0.00015,,0.02,0.00042,,0.0388,0.000454,,0.034,0.00016,,0.0399,0.000293,,0.043,0.000253,,0.044,0.000331,,0.043,0.00021,,0.024,0.000551,,0.037,0.000322,,0.03,8.46e-05,,0.037,0.000497,,0.039,0.000238,,0.039,0.000143,,0.047,0.000402,,0.042,0.000118,,0.041,0.000261,,0.046,0.000387,,0.042,0.000354,,0.041,0.000171,,0.045,0.000677,,0.035,0.000164,,0.038,0.000168,,0.04,0.000357,,0.043,0.000201,,0.039,0.000203,,0.034,0.000174,,0.045,0.000383,,0.009,1.44e-09,,0.0409,0.00179
0.0279,0.000159,,0.0339,0.000277,,0.0329,0.000291,,0.0359,0.000936,,0.0129,0.000153,,0.0309,7.72e-05,,0.0359,0.000312,,0.0289,0.000368,,0.0309,0.000528,,0.03,0.00018,,0.008,0.000132,,0.036,0.000296,,0.036,0.000239,,0.0369,0.000447,,0.034,0.000114,,0.037,0.00109,,0.035,0.000428,,0.0319,0.00015,,0.017,0.000422,,0.0328,0.00046,,0.028,0.000165,,0.033,0.000294,,0.036,0.000256,,0.037,0.000329,,0.036,0.000211,,0.02,0.000557,,0.031,0.000322,,0.025,8.49e-05,,0.031,0.000501,,0.033,0.000238,,0.033,0.000145,,0.039,0.000404,,0.035,0.000118,,0.034,0.000262,,0.039,0.000387,,0.035,0.000353,,0.034,0.000171,,0.037,0.000679,,0.029,0.000164,,0.032,0.000169,,0.033,0.000357,,0.036,0.000201,,0.033,0.000202,,0.028,0.000175,,0.037,0.000384,,0.007,1.68e-09,,0.0339,0.0018
0.0229,0.000159,,0.0269,0.000278,,0.0259,0.000292,,0.0289,0.000937,,0.0109,0.000154,,0.025,7.71e-05,,0.0289,0.000311,,0.0229,0.000369,,0.025,0.000533,,0.0239,0.000181,,0.007,0.000132,,0.0289,0.000296,,0.0289,0.000242,,0.03,0.000448,,0.028,0.000114,,0.03,0.00109,,0.028,0.00043,,0.025,0.00015,,0.014,0.000424,,0.0268,0.000465,,0.023,0.000167,,0.0269,0.000294,,0.029,0.000258,,0.03,0.000329,,0.029,0.00021,,0.016,0.000561,,0.025,0.000323,,0.02,8.5e-05,,0.025,0.000503,,0.026,0.00024,,0.026,0.000149,,0.032,0.000403,,0.029,0.000118,,0.028,0.00026,,0.031,0.000387,,0.028,0.000355,,0.028,0.00017,,0.03,0.00068,,0.024,0.000164,,0.025,0.00017,,0.027,0.000357,,0.029,0.000201,,0.026,0.000205,,0.023,0.000175,,0.03,0.000385,,0.006,1.22e-09,,0.0279,0.0018
0.0169,0.000159,,0.0209,0.000278,,0.0199,0.000291,,0.0219,0.000943,,0.0079,0.000156,,0.0189,7.73e-05,,0.0219,0.000311,,0.0179,0.00037,,0.0189,0.000536,,0.0179,0.000181,,0.005,0.000134,,0.0219,0.000297,,0.0219,0.000245,,0.023,0.000448,,0.021,0.000115,,0.023,0.00109,,0.021,0.00043,,0.0189,0.000151,,0.01,0.000427,,0.0198,0.00047,,0.017,0.000171,,0.02,0.000295,,0.0219,0.000261,,0.023,0.00033,,0.0219,0.00021,,0.012,0.000565,,0.019,0.000323,,0.015,8.5e-05,,0.019,0.000505,,0.02,0.000241,,0.02,0.000151,,0.024,0.000405,,0.0219,0.000118,,0.021,0.00026,,0.024,0.000387,,0.022,0.000354,,0.021,0.000171,,0.023,0.000679,,0.018,0.000164,,0.019,0.000169,,0.021,0.000357,,0.0219,0.000202,,0.02,0.000204,,0.017,0.000176,,0.023,0.000386,,0.004,1.59e-09,,0.0209,0.00181
0.0119,0.000159,,0.0139,0.000279,,0.0139,0.000293,,0.0149,0.000945,,0.0059,0.000157,,0.0129,7.72e-05,,0.0149,0.00031,,0.0119,0.000371,,0.0129,0.000539,,0.012,0.000181,,0.004,0.000136,,0.015,0.000297,,0.015,0.000248,,0.015,0.000448,,0.0139,0.000115,,0.016,0.00109,,0.0139,0.000432,,0.013,0.00015,,0.007,0.000432,,0.0138,0.000471,,0.012,0.000172,,0.0139,0.000295,,0.015,0.000263,,0.016,0.00033,,0.015,0.00021,,0.008,0.00057,,0.013,0.000323,,0.01,8.52e-05,,0.013,0.000509,,0.0139,0.000242,,0.014,0.000154,,0.016,0.000406,,0.015,0.000118,,0.014,0.000262,,0.016,0.000388,,0.015,0.000354,,0.014,0.000171,,0.016,0.000676,,0.012,0.000164,,0.013,0.000169,,0.014,0.000356,,0.015,0.000202,,0.014,0.000203,,0.012,0.000176,,0.016,0.000387,,0.003,1.48e-09,,0.0139,0.00181
0.0059,0.000159,,0.0079,0.000279,,0.0069,0.000296,,0.0079,0.000951,,0.0029,0.000159,,0.007,7.69e-05,,0.0079,0.000309,,0.0069,0.000373,,0.007,0.000541,,0.007,0.000181,,0.002,0.000138,,0.0079,0.000297,,0.0079,0.000252,,0.008,0.000449,,0.008,0.000114,,0.008,0.00109,,0.008,0.000431,,0.007,0.00015,,0.004,0.000434,,0.0068,0.000475,,0.0059,0.000176,,0.008,0.000295,,0.008,0.000266,,0.008,0.00033,,0.008,0.00021,,0.004,0.000574,,0.007,0.000324,,0.006,8.49e-05,,0.007,0.000512,,0.007,0.000242,,0.007,0.000158,,0.009,0.000405,,0.008,0.000118,,0.008,0.000262,,0.009,0.000387,,0.008,0.000354,,0.008,0.000173,,0.008,0.000677,,0.007,0.000164,,0.007,0.000169,,0.008,0.000356,,0.008,0.000202,,0.007,0.000205,,0.006,0.000178,,0.008,0.000387,,0.002,2.16e-09,,0.0079,0.00181
0.0009,0.000159,,0.0009,0.00028,,0.0009,0.000296,,0.0009,0.000951,,-0.0001,0.00016,,0.0009,7.67e-05,,0.0009,0.000308,,0.0009,0.000374,,0.0009,0.000543,,0.0009,0.000181,,0,0.00014,,0.0009,0.000296,,0.0009,0.000257,,0.0009,0.000449,,0.001,0.000115,,0.001,0.00109,,0.0009,0.000433,,0.0009,0.00015,,0.001,0.000435,,0.0008,0.000477,,0.0009,0.000177,,0.0009,0.000296,,0.001,0.000269,,0.0009,0.000328,,0.001,0.000211,,0.001,0.000579,,0.0009,0.000324,,0.001,8.57e-05,,0.001,0.000516,,0.0009,0.000243,,0.001,0.00016,,0.001,0.000404,,0.0009,0.000118,,0.001,0.000262,,0.001,0.000389,,0.001,0.000356,,0.001,0.000176,,0.001,0.000678,,0.001,0.000164,,0.001,0.00017,,0.001,0.000356,,0.001,0.000202,,0.001,0.000204,,0.001,0.000178,,0.001,0.000387,,0,2.55e-09,,0.0009,0.00181
-0.005,0.00016,,-0.005,0.00028,,-0.005,0.000297,,-0.006,0.000954,,-0.002,0.000159,,-0.005,7.73e-05,,-0.006,0.000309,,-0.005,0.000376,,-0.005,0.000546,,-0.005,0.000181,,-0.001,0.000141,,-0.006,0.000297,,-0.006,0.00026,,-0.006,0.000449,,-0.006,0.000115,,-0.006,0.0011,,-0.006,0.000433,,-0.005,0.00015,,-0.003,0.000438,,-0.005,0.000479,,-0.005,0.00018,,-0.005,0.000295,,-0.006,0.000273,,-0.006,0.000329,,-0.006,0.000211,,-0.003,0.000586,,-0.005,0.000324,,-0.004,8.61e-05,,-0.005,0.000519,,-0.005,0.000244,,-0.005,0.000163,,-0.006,0.000404,,-0.006,0.000118,,-0.006,0.000262,,-0.006,0.000388,,-0.006,0.000356,,-0.006,0.000176,,-0.006,0.000678,,-0.005,0.000163,,-0.005,0.00017,,-0.005,0.000358,,-0.006,0.000202,,-0.005,0.000204,,-0.005,0.000179,,-0.006,0.000387,,-0.001,2.71e-09,,-0.006,0.00182
-0.01,0.00016,,-0.012,0.00028,,-0.012,0.0003,,-0.013,0.000957,,-0.005,0.000161,,-0.011,7.7e-05,,-0.013,0.000309,,-0.01,0.000375,,-0.011,0.000546,,-0.011,0.000182,,-0.003,0.000143,,-0.013,0.000297,,-0.013,0.000264,,-0.013,0.000449,,-0.012,0.000114,,-0.013,0.00109,,-0.012,0.000433,,-0.011,0.00015,,-0.006,0.00044,,-0.012,0.000481,,-0.01,0.000181,,-0.012,0.000297,,-0.013,0.000276,,-0.013,0.000329,,-0.013,0.00021,,-0.007,0.00059,,-0.011,0.000326,,-0.009,8.62e-05,,-0.011,0.000521,,-0.012,0.000247,,-0.012,0.000167,,-0.014,0.000406,,-0.013,0.000118,,-0.012,0.000263,,-0.014,0.000388,,-0.013,0.000359,,-0.012,0.000175,,-0.013,0.000679,,-0.01,0.000163,,-0.011,0.000171,,-0.012,0.000359,,-0.013,0.000203,,-0.012,0.000205,,-0.01,0.00018,,-0.013,0.000389,,-0.003,2.73e-09,,-0.012,0.00183
-0.016,0.00016,,-0.018,0.000282,,-0.018,0.000296,,-0.02,0.000954,,-0.007,0.000161,,-0.017,7.69e-05,,-0.02,0.000308,,-0.016,0.000377,,-0.017,0.000547,,-0.016,0.000181,,-0.005,0.000145,,-0.02,0.000297,,-0.02,0.000268,,-0.02,0.00045,,-0.019,0.000115,,-0.021,0.00109,,-0.019,0.000436,,-0.017,0.00015,,-0.009,0.000442,,-0.018,0.000481,,-0.016,0.000184,,-0.018,0.000298,,-0.02,0.000279,,-0.021,0.00033,,-0.02,0.00021,,-0.011,0.000593,,-0.017,0.000326,,-0.014,8.64e-05,,-0.017,0.000524,,-0.018,0.000249,,-0.018,0.00017,,-0.022,0.000407,,-0.019,0.000118,,-0.019,0.000262,,-0.021,0.000387,,-0.019,0.00036,,-0.019,0.000176,,-0.021,0.00068,,-0.016,0.000163,,-0.017,0.000171,,-0.018,0.00036,,-0.02,0.000204,,-0.018,0.000205,,-0.016,0.000181,,-0.021,0.000389,,-0.004,2.23e-09,,-0.019,0.00183
-0.021,0.00016,,-0.025,0.000282,,-0.024,0.000299,,-0.027,0.000953,,-0.01,0.000162,,-0.023,7.67e-05,,-0.026,0.000308,,-0.022,0.000377,,-0.023,0.000548,,-0.022,0.000182,,-0.006,0.000145,,-0.027,0.000297,,-0.027,0.000271,,-0.027,0.00045,,-0.026,0.000115,,-0.028,0.00109,,-0.026,0.000438,,-0.023,0.00015,,-0.013,0.000446,,-0.024,0.000481,,-0.021,0.000184,,-0.025,0.0003,,-0.027,0.000281,,-0.028,0.000329,,-0.027,0.00021,,-0.015,0.000596,,-0.023,0.000327,,-0.019,8.67e-05,,-0.023,0.000528,,-0.024,0.000249,,-0.024,0.000173,,-0.029,0.000407,,-0.026,0.000119,,-0.025,0.000261,,-0.029,0.000388,,-0.026,0.00036,,-0.026,0.000176,,-0.028,0.00068,,-0.022,0.000164,,-0.024,0.000172,,-0.025,0.000359,,-0.027,0.000206,,-0.024,0.000205,,-0.021,0.000182,,-0.028,0.000388,,-0.005,2.07e-09,,-0.026,0.00184
-0.026,0.00016,,-0.031,0.000282,,-0.031,0.000303,,-0.034,0.00095,,-0.012,0.000164,,-0.029,7.66e-05,,-0.033,0.000308,,-0.027,0.000378,,-0.029,0.00055,,-0.028,0.000183,,-0.008,0.000147,,-0.034,0.000297,,-0.034,0.000274,,-0.035,0.000451,,-0.032,0.000115,,-0.035,0.00109,,-0.032,0.000438,,-0.03,0.00015,,-0.016,0.00045,,-0.031,0.000484,,-0.026,0.000185,,-0.031,0.0003,,-0.034,0.000285,,-0.035,0.000328,,-0.034,0.000211,,-0.018,0.000597,,-0.029,0.000328,,-0.024,8.7e-05,,-0.029,0.000528,,-0.031,0.00025,,-0.031,0.000178,,-0.037,0.000408,,-0.033,0.00012,,-0.032,0.000263,,-0.036,0.000389,,-0.033,0.000361,,-0.032,0.000175,,-0.035,0.00068,,-0.028,0.000164,,-0.03,0.000172,,-0.031,0.000358,,-0.034,0.000206,,-0.031,0.000206,,-0.027,0.000184,,-0.035,0.000388,,-0.007,1.68e-09,,-0.032,0.00184
-0.032,0.00016,,-0.038,0.000283,,-0.037,0.000305,,-0.041,0.000959,,-0.015,0.000166,,-0.035,7.68e-05,,-0.04,0.000307,,-0.033,0.000381,,-0.035,0.000551,,-0.033,0.000183,,-0.009,0.000147,,-0.041,0.000298,,-0.041,0.000278,,-0.042,0.000451,,-0.039,0.000116,,-0.042,0.00109,,-0.039,0.000439,,-0.036,0.000149,,-0.019,0.000451,,-0.037,0.000486,,-0.032,0.000187,,-0.038,0.000301,,-0.041,0.000288,,-0.042,0.000328,,-0.041,0.000211,,-0.022,0.000599,,-0.035,0.000327,,-0.028,8.69e-05,,-0.035,0.000532,,-0.037,0.000253,,-0.037,0.00018,,-0.044,0.000408,,-0.04,0.000119,,-0.039,0.000263,,-0.044,0.000389,,-0.04,0.00036,,-0.039,0.000175,,-0.042,0.000679,,-0.033,0.000164,,-0.036,0.000172,,-0.038,0.00036,,-0.041,0.000207,,-0.037,0.000206,,-0.032,0.000185,,-0.042,0.000388,,-0.008,2.05e-09,,-0.039,0.00185
-0.037,0.00016,,-0.044,0.000283,,-0.043,0.000306,,-0.048,0.000969,,-0.017,0.000167,,-0.041,7.75e-05,,-0.047,0.000306,,-0.039,0.000383,,-0.041,0.000553,,-0.039,0.000184,,-0.011,0.000149,,-0.048,0.000299,,-0.048,0.000281,,-0.049,0.000452,,-0.046,0.000116,,-0.05,0.00109,,-0.046,0.00044,,-0.042,0.00015,,-0.022,0.000455,,-0.044,0.000494,,-0.037,0.000187,,-0.044,0.000301,,-0.048,0.00029,,-0.049,0.000328,,-0.048,0.000211,,-0.026,0.000605,,-0.041,0.000329,,-0.033,8.74e-05,,-0.041,0.000536,,-0.043,0.000254,,-0.043,0.000183,,-0.052,0.000409,,-0.047,0.00012,,-0.045,0.000263,,-0.051,0.000388,,-0.047,0.00036,,-0.046,0.000176,,-0.05,0.00068,,-0.039,0.000163,,-0.042,0.000173,,-0.044,0.000359,,-0.048,0.000208,,-0.043,0.000206,,-0.038,0.000187,,-0.049,0.000389,,-0.01,1.66e-09,,-0.045,0.00185
-0.043,0.000161,,-0.051,0.000285,,-0.049,0.000306,,-0.055,0.000971,,-0.02,0.000169,,-0.047,7.75e-05,,-0.054,0.000305,,-0.044,0.000384,,-0.047,0.000554,,-0.045,0.000185,,-0.013,0.000151,,-0.055,0.000299,,-0.055,0.000285,,-0.056,0.000453,,-0.052,0.000116,,-0.057,0.00109,,-0.053,0.000442,,-0.048,0.00015,,-0.026,0.00046,,-0.05,0.000495,,-0.043,0.00019,,-0.051,0.000303,,-0.055,0.000293,,-0.057,0.000328,,-0.055,0.000211,,-0.03,0.00061,,-0.047,0.00033,,-0.038,8.78e-05,,-0.047,0.000538,,-0.05,0.000255,,-0.05,0.000188,,-0.059,0.000409,,-0.054,0.00012,,-0.052,0.000263,,-0.059,0.00039,,-0.054,0.000361,,-0.052,0.000176,,-0.057,0.000679,,-0.045,0.000165,,-0.048,0.000173,,-0.051,0.000359,,-0.055,0.000209,,-0.05,0.000208,,-0.043,0.000188,,-0.057,0.00039,,-0.011,1.64e-09,,-0.052,0.00186
-0.048,0.000161,,-0.057,0.000287,,-0.056,0.000308,,-0.062,0.000973,,-0.023,0.00017,,-0.053,7.75e-05,,-0.061,0.000306,,-0.05,0.000386,,-0.054,0.000555,,-0.051,0.000185,,-0.014,0.000152,,-0.062,0.000302,,-0.062,0.000288,,-0.063,0.000453,,-0.059,0.000117,,-0.064,0.00109,,-0.059,0.000443,,-0.054,0.000151,,-0.029,0.000461,,-0.056,0.000497,,-0.048,0.000189,,-0.057,0.000303,,-0.062,0.000297,,-0.064,0.000328,,-0.062,0.000213,,-0.034,0.000615,,-0.053,0.000331,,-0.043,8.8e-05,,-0.053,0.000542,,-0.056,0.000255,,-0.056,0.00019,,-0.067,0.000411,,-0.061,0.00012,,-0.058,0.000262,,-0.066,0.00039,,-0.06,0.00036,,-0.059,0.000176,,-0.064,0.000681,,-0.05,0.000165,,-0.054,0.000174,,-0.057,0.000358,,-0.061,0.000209,,-0.056,0.000207,,-0.049,0.000191,,-0.064,0.00039,,-0.012,1.33e-09,,-0.059,0.00186
,,,,,,,,,,,,,,,,,,,,,,,,,,,,,,,,,,,,,,,,,,,,,,,,,,,,,,,,,,,,,,,,,,,,,,,,,,,,,,,,,,,,,,,,,,,,,,,,,,,,,,,,,,,,,,,,,,,,,,,,,,,,,,,,,,,,,,,,,,,
0.482,Voc (V),,0.574,Voc (V),,0.553,Voc (V),,0.62,Voc (V),,0.225,Voc (V),,0.523,Voc (V),,0.607,Voc (V),,0.499,Voc (V),,0.536,Voc (V),,0.502,Voc (V),,0.145,Voc (V),,0.617,Voc (V),,0.612,Voc (V),,0.632,Voc (V),,0.576,Voc (V),,0.641,Voc (V),,0.592,Voc (V),,0.538,Voc (V),,0.29,Voc (V),,0.562,Voc (V),,0.464,Voc (V),,0.572,Voc (V),,0.609,Voc (V),,0.638,Voc (V),,0.608,Voc (V),,0.345,Voc (V),,0.529,Voc (V),,0.421,Voc (V),,0.529,Voc (V),,0.557,Voc (V),,0.546,Voc (V),,0.668,Voc (V),,0.598,Voc (V),,0.582,Voc (V),,0.655,Voc (V),,0.604,Voc (V),,0.582,Voc (V),,0.64,Voc (V),,0.495,Voc (V),,0.537,Voc (V),,0.573,Voc (V),,0.605,Voc (V),,0.555,Voc (V),,0.483,Voc (V),,0.636,Voc (V),,0.047,Voc (V),,0.589,Voc (V)
481.839,Voc/seg (mV),,573.846,Voc/seg (mV),,552.706,Voc/seg (mV),,620.385,Voc/seg (mV),,224.494,Voc/seg (mV),,522.837,Voc/seg (mV),,607.029,Voc/seg (mV),,499.255,Voc/seg (mV),,535.768,Voc/seg (mV),,501.711,Voc/seg (mV),,144.922,Voc/seg (mV),,616.719,Voc/seg (mV),,611.453,Voc/seg (mV),,632.098,Voc/seg (mV),,576.326,Voc/seg (mV),,640.955,Voc/seg (mV),,591.658,Voc/seg (mV),,537.801,Voc/seg (mV),,289.944,Voc/seg (mV),,562.071,Voc/seg (mV),,464.195,Voc/seg (mV),,572.447,Voc/seg (mV),,608.715,Voc/seg (mV),,638.382,Voc/seg (mV),,608.267,Voc/seg (mV),,344.931,Voc/seg (mV),,529.289,Voc/seg (mV),,420.869,Voc/seg (mV),,528.89,Voc/seg (mV),,557.237,Voc/seg (mV),,545.492,Voc/seg (mV),,667.873,Voc/seg (mV),,597.624,Voc/seg (mV),,582.347,Voc/seg (mV),,655.161,Voc/seg (mV),,603.594,Voc/seg (mV),,582.222,Voc/seg (mV),,639.524,Voc/seg (mV),,494.571,Voc/seg (mV),,537.169,Voc/seg (mV),,572.73,Voc/seg (mV),,604.464,Voc/seg (mV),,555.078,Voc/seg (mV),,483.071,Voc/seg (mV),,635.657,Voc/seg (mV),,47.282,Voc/seg (mV),,588.478,Voc/seg (mV)
0.00015954,Isc (A),,0.000279645,Isc (A),,0.000295815,Isc (A),,0.000951645,Isc (A),,0.00016005,Isc (A),,7.6806e-05,Isc (A),,0.00030825,Isc (A),,0.000374445,Isc (A),,0.00054378,Isc (A),,0.00018117,Isc (A),,0.000139574,Isc (A),,0.000296505,Isc (A),,0.00025704,Isc (A),,0.00044877,Isc (A),,0.000114782,Isc (A),,0.001093845,Isc (A),,0.000432825,Isc (A),,0.00015003,Isc (A),,0.000436095,Isc (A),,0.000477195,Isc (A),,0.000177465,Isc (A),,0.000295515,Isc (A),,0.000269925,Isc (A),,0.000328095,Isc (A),,0.000210525,Isc (A),,0.000580305,Isc (A),,0.00032376,Isc (A),,8.5767e-05,Isc (A),,0.000516045,Isc (A),,0.000242775,Isc (A),,0.000160575,Isc (A),,0.00040437,Isc (A),,0.000117923,Isc (A),,0.00026241,Isc (A),,0.000388725,Isc (A),,0.000355665,Isc (A),,0.000175875,Isc (A),,0.00067785,Isc (A),,0.00016359,Isc (A),,0.00017004,Isc (A),,0.000356385,Isc (A),,0.000202065,Isc (A),,0.00020436,Isc (A),,0.00017808,Isc (A),,0.000386745,Isc (A),,2.55e-09,Isc (A),,0.00182,Isc (A)
0.441666667,Jsc (mA/cm2),,0.775,Jsc (mA/cm2),,0.822222222,Jsc (mA/cm2),,2.641666667,Jsc (mA/cm2),,0.447222222,Jsc (mA/cm2),,0.213888889,Jsc (mA/cm2),,0.855555556,Jsc (mA/cm2),,1.041666667,Jsc (mA/cm2),,1.513888889,Jsc (mA/cm2),,0.505555556,Jsc (mA/cm2),,0.388888889,Jsc (mA/cm2),,0.825,Jsc (mA/cm2),,0.713888889,Jsc (mA/cm2),,1.247222222,Jsc (mA/cm2),,0.322222222,Jsc (mA/cm2),,3.038888889,Jsc (mA/cm2),,1.205555556,Jsc (mA/cm2),,0.416666667,Jsc (mA/cm2),,1.213888889,Jsc (mA/cm2),,1.325,Jsc (mA/cm2),,0.491666667,Jsc (mA/cm2),,0.822222222,Jsc (mA/cm2),,0.75,Jsc (mA/cm2),,0.913888889,Jsc (mA/cm2),,0.583333333,Jsc (mA/cm2),,1.613888889,Jsc (mA/cm2),,0.9,Jsc (mA/cm2),,0.238888889,Jsc (mA/cm2),,1.433333333,Jsc (mA/cm2),,0.675,Jsc (mA/cm2),,0.447222222,Jsc (mA/cm2),,1.125,Jsc (mA/cm2),,0.330555556,Jsc (mA/cm2),,0.730555556,Jsc (mA/cm2),,1.080555556,Jsc (mA/cm2),,0.988888889,Jsc (mA/cm2),,0.488888889,Jsc (mA/cm2),,1.883333333,Jsc (mA/cm2),,0.455555556,Jsc (mA/cm2),,0.472222222,Jsc (mA/cm2),,0.991666667,Jsc (mA/cm2),,0.563888889,Jsc (mA/cm2),,0.566666667,Jsc (mA/cm2),,0.497222222,Jsc (mA/cm2),,1.075,Jsc (mA/cm2),,0,Jsc (mA/cm2),,5.041666667,Jsc (mA/cm2)
0.441666667,Jsc/seg (mA/cm2),,0.775,Jsc/seg (mA/cm2),,0.822222222,Jsc/seg (mA/cm2),,2.641666667,Jsc/seg (mA/cm2),,0.447222222,Jsc/seg (mA/cm2),,0.213888889,Jsc/seg (mA/cm2),,0.855555556,Jsc/seg (mA/cm2),,1.041666667,Jsc/seg (mA/cm2),,1.513888889,Jsc/seg (mA/cm2),,0.505555556,Jsc/seg (mA/cm2),,0.388888889,Jsc/seg (mA/cm2),,0.825,Jsc/seg (mA/cm2),,0.713888889,Jsc/seg (mA/cm2),,1.247222222,Jsc/seg (mA/cm2),,0.322222222,Jsc/seg (mA/cm2),,3.038888889,Jsc/seg (mA/cm2),,1.205555556,Jsc/seg (mA/cm2),,0.416666667,Jsc/seg (mA/cm2),,1.213888889,Jsc/seg (mA/cm2),,1.325,Jsc/seg (mA/cm2),,0.491666667,Jsc/seg (mA/cm2),,0.822222222,Jsc/seg (mA/cm2),,0.75,Jsc/seg (mA/cm2),,0.913888889,Jsc/seg (mA/cm2),,0.583333333,Jsc/seg (mA/cm2),,1.613888889,Jsc/seg (mA/cm2),,0.9,Jsc/seg (mA/cm2),,0.238888889,Jsc/seg (mA/cm2),,1.433333333,Jsc/seg (mA/cm2),,0.675,Jsc/seg (mA/cm2),,0.447222222,Jsc/seg (mA/cm2),,1.125,Jsc/seg (mA/cm2),,0.330555556,Jsc/seg (mA/cm2),,0.730555556,Jsc/seg (mA/cm2),,1.080555556,Jsc/seg (mA/cm2),,0.988888889,Jsc/seg (mA/cm2),,0.488888889,Jsc/seg (mA/cm2),,1.883333333,Jsc/seg (mA/cm2),,0.455555556,Jsc/seg (mA/cm2),,0.472222222,Jsc/seg (mA/cm2),,0.991666667,Jsc/seg (mA/cm2),,0.563888889,Jsc/seg (mA/cm2),,0.566666667,Jsc/seg (mA/cm2),,0.497222222,Jsc/seg (mA/cm2),,1.075,Jsc/seg (mA/cm2),,0,Jsc/seg (mA/cm2),,5.041666667,Jsc/seg (mA/cm2)
51.74,Fill Factor (%),,48.86,Fill Factor (%),,52.18,Fill Factor (%),,61.18,Fill Factor (%),,28.43,Fill Factor (%),,66.04,Fill Factor (%),,68.35,Fill Factor (%),,52.84,Fill Factor (%),,58.43,Fill Factor (%),,55.65,Fill Factor (%),,26.81,Fill Factor (%),,68.6,Fill Factor (%),,40.95,Fill Factor (%),,69.13,Fill Factor (%),,62.9,Fill Factor (%),,67.16,Fill Factor (%),,56.97,Fill Factor (%),,64.66,Fill Factor (%),,33.33,Fill Factor (%),,39.37,Fill Factor (%),,22.7,Fill Factor (%),,70.15,Fill Factor (%),,45.99,Fill Factor (%),,75.51,Fill Factor (%),,69.51,Fill Factor (%),,29.46,Fill Factor (%),,52.01,Fill Factor (%),,46.41,Fill Factor (%),,40.93,Fill Factor (%),,48.71,Fill Factor (%),,41.16,Fill Factor (%),,64.7,Fill Factor (%),,58.64,Fill Factor (%),,70.63,Fill Factor (%),,69.62,Fill Factor (%),,68.74,Fill Factor (%),,70.03,Fill Factor (%),,69.48,Fill Factor (%),,49.75,Fill Factor (%),,57.93,Fill Factor (%),,58.79,Fill Factor (%),,53.43,Fill Factor (%),,58.54,Fill Factor (%),,45.69,Fill Factor (%),,60.06,Fill Factor (%),,413.56,Fill Factor (%),,51.95,Fill Factor (%)
0.03978,Pmax (mW),,0.078405,Pmax (mW),,0.08532,Pmax (mW),,0.3612,Pmax (mW),,0.0102135,Pmax (mW),,0.02652,Pmax (mW),,0.12789,Pmax (mW),,0.098775,Pmax (mW),,0.17025,Pmax (mW),,0.05058,Pmax (mW),,0.005424,Pmax (mW),,0.12543,Pmax (mW),,0.064365,Pmax (mW),,0.19605,Pmax (mW),,0.04161,Pmax (mW),,0.47085,Pmax (mW),,0.14589,Pmax (mW),,0.05217,Pmax (mW),,0.04215,Pmax (mW),,0.1056,Pmax (mW),,0.018705,Pmax (mW),,0.118665,Pmax (mW),,0.075555,Pmax (mW),,0.1581,Pmax (mW),,0.08901,Pmax (mW),,0.058965,Pmax (mW),,0.08913,Pmax (mW),,0.016755,Pmax (mW),,0.111705,Pmax (mW),,0.065895,Pmax (mW),,0.036045,Pmax (mW),,0.17475,Pmax (mW),,0.041325,Pmax (mW),,0.10794,Pmax (mW),,0.1773,Pmax (mW),,0.14757,Pmax (mW),,0.071715,Pmax (mW),,0.3012,Pmax (mW),,0.040245,Pmax (mW),,0.05292,Pmax (mW),,0.12,Pmax (mW),,0.06525,Pmax (mW),,0.066405,Pmax (mW),,0.0393,Pmax (mW),,0.147645,Pmax (mW),,5e-07,Pmax (mW),,0.555,Pmax (mW)
0.4929,Vmax (V),,0.586,Vmax (V),,0.5689,Vmax (V),,0.633,Vmax (V),,0.2299,Vmax (V),,0.5359,Vmax (V),,0.621,Vmax (V),,0.509,Vmax (V),,0.546,Vmax (V),,0.516,Vmax (V),,0.146,Vmax (V),,0.629,Vmax (V),,0.634,Vmax (V),,0.644,Vmax (V),,0.5922,Vmax (V),,0.654,Vmax (V),,0.605,Vmax (V),,0.552,Vmax (V),,0.296,Vmax (V),,0.5748,Vmax (V),,0.487,Vmax (V),,0.584,Vmax (V),,0.628,Vmax (V),,0.651,Vmax (V),,0.628,Vmax (V),,0.3449,Vmax (V),,0.544,Vmax (V),,0.433,Vmax (V),,0.542,Vmax (V),,0.572,Vmax (V),,0.5706,Vmax (V),,0.684,Vmax (V),,0.611,Vmax (V),,0.596,Vmax (V),,0.673,Vmax (V),,0.616,Vmax (V),,0.6,Vmax (V),,0.653,Vmax (V),,0.513,Vmax (V),,0.552,Vmax (V),,0.585,Vmax (V),,0.627,Vmax (V),,0.573,Vmax (V),,0.497,Vmax (V),,0.652,Vmax (V),,0.127,Vmax (V),,0.5989,Vmax (V)
0.161,Imax (mA),,0.287,Imax (mA),,0.308,Imax (mA),,0.973,Imax (mA),,0.17,Imax (mA),,0.0777,Imax (mA),,0.313,Imax (mA),,0.386,Imax (mA),,0.555,Imax (mA),,0.185,Imax (mA),,0.152,Imax (mA),,0.303,Imax (mA),,0.288,Imax (mA),,0.453,Imax (mA),,0.117,Imax (mA),,1.1,Imax (mA),,0.443,Imax (mA),,0.151,Imax (mA),,0.461,Imax (mA),,0.497,Imax (mA),,0.19,Imax (mA),,0.303,Imax (mA),,0.297,Imax (mA),,0.34,Imax (mA),,0.213,Imax (mA),,0.615,Imax (mA),,0.331,Imax (mA),,0.088,Imax (mA),,0.542,Imax (mA),,0.255,Imax (mA),,0.19,Imax (mA),,0.411,Imax (mA),,0.12,Imax (mA),,0.263,Imax (mA),,0.399,Imax (mA),,0.361,Imax (mA),,0.176,Imax (mA),,0.681,Imax (mA),,0.165,Imax (mA),,0.174,Imax (mA),,0.36,Imax (mA),,0.209,Imax (mA),,0.208,Imax (mA),,0.191,Imax (mA),,0.39,Imax (mA),,1.14e-05,Imax (mA),,1.86,Imax (mA)
0.11,Efficiency (%),,0.217,Efficiency (%),,0.237,Efficiency (%),,1.003,Efficiency (%),,0.028,Efficiency (%),,0.073,Efficiency (%),,0.354,Efficiency (%),,0.275,Efficiency (%),,0.474,Efficiency (%),,0.141,Efficiency (%),,0.015,Efficiency (%),,0.349,Efficiency (%),,0.178,Efficiency (%),,0.544,Efficiency (%),,0.116,Efficiency (%),,1.308,Efficiency (%),,0.406,Efficiency (%),,0.145,Efficiency (%),,0.117,Efficiency (%),,0.293,Efficiency (%),,0.052,Efficiency (%),,0.33,Efficiency (%),,0.21,Efficiency (%),,0.44,Efficiency (%),,0.247,Efficiency (%),,0.164,Efficiency (%),,0.248,Efficiency (%),,0.046,Efficiency (%),,0.31,Efficiency (%),,0.183,Efficiency (%),,0.1,Efficiency (%),,0.486,Efficiency (%),,0.115,Efficiency (%),,0.3,Efficiency (%),,0.492,Efficiency (%),,0.41,Efficiency (%),,0.199,Efficiency (%),,0.837,Efficiency (%),,0.112,Efficiency (%),,0.147,Efficiency (%),,0.334,Efficiency (%),,0.182,Efficiency (%),,0.184,Efficiency (%),,0.109,Efficiency (%),,0.41,Efficiency (%),,0,Efficiency (%),,1.541,Efficiency (%)
0.36,Test device area (cm2),,0.36,Test device area (cm2),,0.36,Test device area (cm2),,0.36,Test device area (cm2),,0.36,Test device area (cm2),,0.36,Test device area (cm2),,0.36,Test device area (cm2),,0.36,Test device area (cm2),,0.36,Test device area (cm2),,0.36,Test device area (cm2),,0.36,Test device area (cm2),,0.36,Test device area (cm2),,0.36,Test device area (cm2),,0.36,Test device area (cm2),,0.36,Test device area (cm2),,0.36,Test device area (cm2),,0.36,Test device area (cm2),,0.36,Test device area (cm2),,0.36,Test device area (cm2),,0.36,Test device area (cm2),,0.36,Test device area (cm2),,0.36,Test device area (cm2),,0.36,Test device area (cm2),,0.36,Test device area (cm2),,0.36,Test device area (cm2),,0.36,Test device area (cm2),,0.36,Test device area (cm2),,0.36,Test device area (cm2),,0.36,Test device area (cm2),,0.36,Test device area (cm2),,0.36,Test device area (cm2),,0.36,Test device area (cm2),,0.36,Test device area (cm2),,0.36,Test device area (cm2),,0.36,Test device area (cm2),,0.36,Test device area (cm2),,0.36,Test device area (cm2),,0.36,Test device area (cm2),,0.36,Test device area (cm2),,0.36,Test device area (cm2),,0.36,Test device area (cm2),,0.36,Test device area (cm2),,0.36,Test device area (cm2),,0.36,Test device area (cm2),,0.36,Test device area (cm2),,0.36,Test device area (cm2),,0.36,Test device area (cm2)
1,Number of series-connected stacks,,1,Number of series-connected stacks,,1,Number of series-connected stacks,,1,Number of series-connected stacks,,1,Number of series-connected stacks,,1,Number of series-connected stacks,,1,Number of series-connected stacks,,1,Number of series-connected stacks,,1,Number of series-connected stacks,,1,Number of series-connected stacks,,1,Number of series-connected stacks,,1,Number of series-connected stacks,,1,Number of series-connected stacks,,1,Number of series-connected stacks,,1,Number of series-connected stacks,,1,Number of series-connected stacks,,1,Number of series-connected stacks,,1,Number of series-connected stacks,,1,Number of series-connected stacks,,1,Number of series-connected stacks,,1,Number of series-connected stacks,,1,Number of series-connected stacks,,1,Number of series-connected stacks,,1,Number of series-connected stacks,,1,Number of series-connected stacks,,1,Number of series-connected stacks,,1,Number of series-connected stacks,,1,Number of series-connected stacks,,1,Number of series-connected stacks,,1,Number of series-connected stacks,,1,Number of series-connected stacks,,1,Number of series-connected stacks,,1,Number of series-connected stacks,,1,Number of series-connected stacks,,1,Number of series-connected stacks,,1,Number of series-connected stacks,,1,Number of series-connected stacks,,1,Number of series-connected stacks,,1,Number of series-connected stacks,,1,Number of series-connected stacks,,1,Number of series-connected stacks,,1,Number of series-connected stacks,,1,Number of series-connected stacks,,1,Number of series-connected stacks,,1,Number of series-connected stacks,,1,Number of series-connected stacks,,1,Number of series-connected stacks
1,Meter Integration (NPLC),,1,Meter Integration (NPLC),,1,Meter Integration (NPLC),,1,Meter Integration (NPLC),,1,Meter Integration (NPLC),,1,Meter Integration (NPLC),,1,Meter Integration (NPLC),,1,Meter Integration (NPLC),,1,Meter Integration (NPLC),,1,Meter Integration (NPLC),,1,Meter Integration (NPLC),,1,Meter Integration (NPLC),,1,Meter Integration (NPLC),,1,Meter Integration (NPLC),,1,Meter Integration (NPLC),,1,Meter Integration (NPLC),,1,Meter Integration (NPLC),,1,Meter Integration (NPLC),,1,Meter Integration (NPLC),,1,Meter Integration (NPLC),,1,Meter Integration (NPLC),,1,Meter Integration (NPLC),,1,Meter Integration (NPLC),,1,Meter Integration (NPLC),,1,Meter Integration (NPLC),,1,Meter Integration (NPLC),,1,Meter Integration (NPLC),,1,Meter Integration (NPLC),,1,Meter Integration (NPLC),,1,Meter Integration (NPLC),,1,Meter Integration (NPLC),,1,Meter Integration (NPLC),,1,Meter Integration (NPLC),,1,Meter Integration (NPLC),,1,Meter Integration (NPLC),,1,Meter Integration (NPLC),,1,Meter Integration (NPLC),,1,Meter Integration (NPLC),,1,Meter Integration (NPLC),,1,Meter Integration (NPLC),,1,Meter Integration (NPLC),,1,Meter Integration (NPLC),,1,Meter Integration (NPLC),,1,Meter Integration (NPLC),,1,Meter Integration (NPLC),,1,Meter Integration (NPLC),,1,Meter Integration (NPLC)
100,Source Irradiance (mW/cm2),,100,Source Irradiance (mW/cm2),,100,Source Irradiance (mW/cm2),,100,Source Irradiance (mW/cm2),,100,Source Irradiance (mW/cm2),,100,Source Irradiance (mW/cm2),,100,Source Irradiance (mW/cm2),,100,Source Irradiance (mW/cm2),,100,Source Irradiance (mW/cm2),,100,Source Irradiance (mW/cm2),,100,Source Irradiance (mW/cm2),,100,Source Irradiance (mW/cm2),,100,Source Irradiance (mW/cm2),,100,Source Irradiance (mW/cm2),,100,Source Irradiance (mW/cm2),,100,Source Irradiance (mW/cm2),,100,Source Irradiance (mW/cm2),,100,Source Irradiance (mW/cm2),,100,Source Irradiance (mW/cm2),,100,Source Irradiance (mW/cm2),,100,Source Irradiance (mW/cm2),,100,Source Irradiance (mW/cm2),,100,Source Irradiance (mW/cm2),,100,Source Irradiance (mW/cm2),,100,Source Irradiance (mW/cm2),,100,Source Irradiance (mW/cm2),,100,Source Irradiance (mW/cm2),,100,Source Irradiance (mW/cm2),,100,Source Irradiance (mW/cm2),,100,Source Irradiance (mW/cm2),,100,Source Irradiance (mW/cm2),,100,Source Irradiance (mW/cm2),,100,Source Irradiance (mW/cm2),,100,Source Irradiance (mW/cm2),,100,Source Irradiance (mW/cm2),,100,Source Irradiance (mW/cm2),,100,Source Irradiance (mW/cm2),,100,Source Irradiance (mW/cm2),,100,Source Irradiance (mW/cm2),,100,Source Irradiance (mW/cm2),,100,Source Irradiance (mW/cm2),,100,Source Irradiance (mW/cm2),,100,Source Irradiance (mW/cm2),,100,Source Irradiance (mW/cm2),,100,Source Irradiance (mW/cm2),,100,Source Irradiance (mW/cm2),,100,Source Irradiance (mW/cm2)
10,Voltage Settling Time (ms),,10,Voltage Settling Time (ms),,10,Voltage Settling Time (ms),,10,Voltage Settling Time (ms),,10,Voltage Settling Time (ms),,10,Voltage Settling Time (ms),,10,Voltage Settling Time (ms),,10,Voltage Settling Time (ms),,10,Voltage Settling Time (ms),,10,Voltage Settling Time (ms),,10,Voltage Settling Time (ms),,10,Voltage Settling Time (ms),,10,Voltage Settling Time (ms),,10,Voltage Settling Time (ms),,10,Voltage Settling Time (ms),,10,Voltage Settling Time (ms),,10,Voltage Settling Time (ms),,10,Voltage Settling Time (ms),,10,Voltage Settling Time (ms),,10,Voltage Settling Time (ms),,10,Voltage Settling Time (ms),,10,Voltage Settling Time (ms),,10,Voltage Settling Time (ms),,10,Voltage Settling Time (ms),,10,Voltage Settling Time (ms),,10,Voltage Settling Time (ms),,10,Voltage Settling Time (ms),,10,Voltage Settling Time (ms),,10,Voltage Settling Time (ms),,10,Voltage Settling Time (ms),,10,Voltage Settling Time (ms),,10,Voltage Settling Time (ms),,10,Voltage Settling Time (ms),,10,Voltage Settling Time (ms),,10,Voltage Settling Time (ms),,10,Voltage Settling Time (ms),,10,Voltage Settling Time (ms),,10,Voltage Settling Time (ms),,10,Voltage Settling Time (ms),,10,Voltage Settling Time (ms),,10,Voltage Settling Time (ms),,10,Voltage Settling Time (ms),,10,Voltage Settling Time (ms),,10,Voltage Settling Time (ms),,10,Voltage Settling Time (ms),,10,Voltage Settling Time (ms),,10,Voltage Settling Time (ms)
F -> R,Sweep Direction,,F -> R,Sweep Direction,,F -> R,Sweep Direction,,F -> R,Sweep Direction,,F -> R,Sweep Direction,,F -> R,Sweep Direction,,F -> R,Sweep Direction,,F -> R,Sweep Direction,,F -> R,Sweep Direction,,F -> R,Sweep Direction,,F -> R,Sweep Direction,,F -> R,Sweep Direction,,F -> R,Sweep Direction,,F -> R,Sweep Direction,,F -> R,Sweep Direction,,F -> R,Sweep Direction,,F -> R,Sweep Direction,,F -> R,Sweep Direction,,F -> R,Sweep Direction,,F -> R,Sweep Direction,,F -> R,Sweep Direction,,F -> R,Sweep Direction,,F -> R,Sweep Direction,,F -> R,Sweep Direction,,F -> R,Sweep Direction,,F -> R,Sweep Direction,,F -> R,Sweep Direction,,F -> R,Sweep Direction,,F -> R,Sweep Direction,,F -> R,Sweep Direction,,F -> R,Sweep Direction,,F -> R,Sweep Direction,,F -> R,Sweep Direction,,F -> R,Sweep Direction,,F -> R,Sweep Direction,,F -> R,Sweep Direction,,F -> R,Sweep Direction,,F -> R,Sweep Direction,,F -> R,Sweep Direction,,F -> R,Sweep Direction,,F -> R,Sweep Direction,,F -> R,Sweep Direction,,F -> R,Sweep Direction,,F -> R,Sweep Direction,,F -> R,Sweep Direction,,F -> R,Sweep Direction,,F -> R,Sweep Direction
